name_en,short_desc,category,size
0_alarm_clock_01_2k_packed,mint green vintage alarm clock,clock,"0.1316,0.0667,0.1742"
0_all_purpose_cleaner_2k_packed,pink plastic cleaning bottle,bottle,"0.1568,0.1174,0.3197"
0_american_football_2k_packed,brown leather rugby ball,ball,"0.4533,0.2558,0.2558"
0_antique_ceramic_vase_01_2k_packed,white ceramic vase,vase,"0.2550,0.2550,0.4396"
0_antique_estoc_2k_packed,silver wrapped sword,sword,"0.3715,0.1491,1.4924"
0_antique_katana_01_2k_packed,ornate floral katana,sword,"1.0029,0.0934,0.0934"
0_arm_chair_01_2k_packed,gray upholstered berg re chair,chair,"0.8484,0.7658,1.0651"
0_barber_shop_chair_01_2k_packed,brown leather barber chair,chair,"0.7565,1.3279,1.4890"
0_barrel_01_2k_packed,weathered red metal barrel,barrel,"0.5630,0.5630,0.8800"
0_barrel_02_2k_packed,blue plastic barrel,barrel,"0.4882,0.4846,0.8800"
0_barrel_03_2k_packed,weathered blue gray metal drum,drum,"0.6339,0.6386,0.9305"
0_barrel_stove_2k_packed,rusted metal oil drum,drum,"0.5926,0.5926,0.8556"
0_baseball_01_2k_packed,white red baseball,baseball,"0.0735,0.0752,0.0753"
0_baseball_bat_2k_packed,black wrapped baseball bat,bat,"0.9132,0.0635,0.0635"
0_bleach_bottle_2k_packed,purple teal toilet bowl,toilet,"0.0884,0.0612,0.2937"
0_boombox_2k_packed,grey vintage boombox,speaker,"0.7238,0.1865,0.4701"
0_brass_pan_01_2k_packed,copper toned metal frying pan,pan,"0.4497,0.1913,0.0525"
0_brass_pot_01_2k_packed,textured ceramic pot,pot,"0.3019,0.3017,0.2909"
0_brass_pot_02_2k_packed,copper toned shallow stew pot,pot,"0.3667,0.3023,0.1085"
0_bull_head_2k_packed,dark bronze bull head,statue,"0.3064,0.2807,0.4330"
0_camera_01_2k_packed,vintage brass rangefinder camera,camera,"0.2139,0.2628,0.0778"
0_cannon_01_2k_packed,weathered bronze cannon,cannon,"2.2994,1.2333,0.7759"
0_cash_register_01_2k_packed,white mechanical cash register,register,"0.6005,0.6242,0.6214"
0_ceiling_fan_2k_packed,gray cylindrical ceiling fan,fan,"1.4629,1.4629,0.5163"
0_ceramic_vase_02_2k_packed,white ceramic jar,vase,"0.2184,0.2184,0.3092"
0_ceramic_vase_03_2k_packed,white marble vase,vase,"0.1122,0.1122,0.4144"
0_ceramic_vase_04_2k_packed,white ceramic vase,vase,"0.1811,0.1811,0.3419"
0_chandelier_02_2k_packed,gold pleated chandelier,chandelier,"0.6790,0.6191,0.8481"
0_chess_set_2k_packed,checkered marble chessboard,board,"0.5532,0.5532,0.1124"
0_Chest_of_drawers,mahogany wooden dresser,dresser,"1.2275,0.5367,0.9202"
0_chinese_armchair_2k_packed,dark brown wooden chair,chair,"0.8483,0.7887,1.5875"
0_chinese_cabinet_2k_packed,dark wood display cabinet,cabinet,"1.2625,0.5452,2.8721"
0_chinese_commode_2k_packed,dark wood console table,table,"4.4905,1.1699,2.0199"
0_chinese_stool_2k_packed,dark brown wooden stool,stool,"0.5990,0.5064,0.6306"
0_chinese_tea_table_2k_packed,dark wood coffee table,table,"0.8413,0.8356,0.4986"
0_Classic_table_old,antique wooden desk,desk,"2.5667,1.0692,0.8010"
0_Classic_table_v2,oval walnut coffee table,table,"2.5667,1.0692,0.8010"
0_coffee_cart_01_2k_packed,white marble coffee table,table,"1.5760,0.7584,1.7177"
0_coffee_table_01_2k_packed,teal storage coffee table,table,"1.5400,0.9728,0.5232"
0_compost_bags_2k_packed,garden floral compost bag,bag,"1.8281,0.9259,0.7073"
0_concrete_road_barrier_02_2k_packed,weathered concrete roadblock,bench,"1.5670,0.4422,1.1120"
0_concrete_road_barrier_2k_packed,gray concrete roadblock,roadblock,"1.5454,0.6409,0.8353"
0_covered_car_2k_packed,dark gray fabric car cover,cover,"4.3803,1.7890,1.4111"
0_croissant_2k_packed,golden brown flaky croissant,bread,"0.2000,0.0755,0.0620"
0_dartboard_2k_packed,worn black white dartboard,dartboard,"0.4507,0.0398,0.4507"
0_drain_cleaner_2k_packed,beige ergonomic drain bottle,bottle,"0.1654,0.0563,0.1786"
0_drawer_cabinet_2k_packed,black metal storage rack,rack,"1.1411,0.4881,1.8813"
0_drill_01_2k_packed,lime green cordless drill,drill,"0.1829,0.1851,0.0524"
0_dutch_ship_medium_2k_packed,weathered wooden pirate ship,boat,"0.2407,0.0681,0.2466"
0_electric_stove_2k_packed,white electric stove,stove,"0.5026,0.6476,0.8587"
0_Elegant_chair,black leather lounge chair,chair,"1.1755,1.2303,1.2543"
0_Elegant_chair_2_ottoman,gray tufted ottoman,ottoman,"0.8902,0.8362,0.4904"
0_folding_wooden_stool_2k_packed,weathered wooden stool,stool,"0.5471,0.5278,0.4420"
0_food_apple_01_2k_packed,red speckled apple,fruit,"0.0976,0.0959,0.0854"
0_food_kiwi_01_2k_packed,brown fibrous kiwi,fruit,"0.0901,0.0695,0.0686"
0_food_lime_01_2k_packed,green pebbled avocado,bowl,"0.0754,0.0601,0.0613"
0_food_pomegranate_01_2k_packed,reddish pink pomegranate,fruit,"0.1143,0.1154,0.1150"
0_gallinera_table_2k_packed,dark wooden chest,chest,"0.8301,0.5183,0.4878"
0_gamepad_2k_packed,gray vintage game controller,controller,"0.4041,0.4350,0.0189"
0_garden_gloves_01_2k_packed,teal fabric work glove,glove,"0.2990,0.2266,0.0760"
0_garden_hose_wall_mounted_01_2k_packed,dark green braided hose,hose,"0.4667,0.5570,0.2433"
0_garden_sprinkler_01_2k_packed,beige rubber platform dolly,dolly,"0.3508,0.2491,0.2030"
0_gothic_bed_01_2k_packed,dark wooden gothic bed,bed,"1.4938,2.0400,1.5338"
0_gothic_cabinet_01_2k_packed,dark wood two tier cabinet,cabinet,"1.7191,1.1165,2.3609"
0_gothic_commode_01_2k_packed,dark walnut wooden chest,chest,"1.2014,0.5807,1.2120"
0_hanging_picture_frame_03_2k_packed,ornate carved wooden frame,frame,"0.3850,0.0318,0.5024"
0_horse_head_2k_packed,bronze horse head sculpture,statue,"0.2149,0.3341,0.4187"
0_horse_statue_01_2k_packed,white wooden horse,horse,"0.1638,0.1078,0.2200"
0_kite_shield_2k_packed,weathered wooden rifle stock,shelf,"1.3941,0.5433,0.1347"
0_korean_fire_extinguisher_01_2k_packed,red metal fire extinguisher,extinguisher,"0.2800,0.3674,0.6593"
0_korean_public_payphone_01_2k_packed,gray digital wall mounted intercom,intercom,"0.4006,0.3012,0.7397"
0_ladder_sectioned_01_2k_packed,gray aluminum ladder,ladder,"0.6615,0.1776,2.1346"
0_large_iron_gate_2k_packed,dark wrought iron gate,gate,"2.9501,0.0973,2.9287"
0_Leather_armchair_old,brown leather chesterfield armchair,chair,"1.3535,1.1919,0.9831"
0_Leather_chair,cognac leather tufted booth chair,chair,"0.7653,0.7710,1.2625"
0_leather_cleaner_can_2k_packed,dark gray aerosol can,can,"0.0704,0.0704,0.1697"
0_Leather_sofa,brown leather chesterfield sofa,sofa,"2.9186,1.2028,0.9881"
0_lemon_2k_packed,pale yellow lemon,fruit,"0.0954,0.0687,0.0683"
0_lion_head_2k_packed,bronze lion head sculpture,statue,"0.3208,0.2066,0.4364"
0_lubricant_spray_2k_packed,yellow blue spray can,can,"0.0670,0.0646,0.1649"
0_magnifying_glass_01_2k_packed,dark gray magnifying glass,glass,"0.2716,0.1321,0.0267"
0_marble_bust_01_2k_packed,white plaster bust,statue,"0.2717,0.2997,0.5149"
0_measuring_tape_01_2k_packed,black yellow tape measure,tape,"0.1694,0.0406,0.0734"
0_megaphone_01_2k_packed,gray red megaphone,megaphone,"0.3880,0.3001,0.2301"
0_metal_detector_2k_packed,dark gray metal detector,detector,"0.8611,0.2379,0.9617"
0_metal_tool_chest_2k_packed,weathered red metal toolbox,toolbox,"0.6854,0.4072,0.6518"
0_modern_arm_chair_01_2k_packed,dark gray wooden armchair,chair,"0.8203,0.9866,1.0229"
0_Modern_sofa,white multi person sofa,sofa,"3.8299,1.2915,1.1021"
0_modern_wooden_cabinet_2k_packed,dark wood tv cabinet,cabinet,"2.4400,0.5200,0.6801"
0_multi_cleaner_5_litre_2k_packed,blue plastic bottle,bottle,"0.2193,0.1058,0.3003"
0_multi_cleaner_bottle_2k_packed,white plastic cleaning bottle,bottle,"0.0885,0.0898,0.2286"
0_Office_leather_chair,brown leather office chair,chair,"1.1001,1.1729,1.3872"
0_old_tyre_2k_packed,black rubber tire,tire,"0.6000,0.6000,0.1650"
0_ornate_medieval_mace_2k_packed,gray spiral drill bit,drill,"0.6300,0.0949,0.1017"
0_ornate_mirror_01_2k_packed,gold framed mirror,mirror,"0.4865,0.0260,0.7442"
0_ornate_war_hammer_2k_packed,silver barrel wooden rifle,rifle,"0.7112,0.1441,0.0348"
0_painted_wooden_cabinet_02_2k_packed,blue gray wooden bookshelf,bookcase,"0.9969,0.7223,2.5686"
0_painted_wooden_chair_01_2k_packed,white wooden chair,chair,"0.4318,0.5398,0.9565"
0_painted_wooden_chair_02_2k_packed,weathered gray blue wooden chair,chair,"0.6394,0.6621,1.2638"
0_painted_wooden_nightstand_2k_packed,weathered wood end table,table,"0.5046,0.5087,0.6155"
0_painted_wooden_table_2k_packed,slate blue wooden workbench,workbench,"2.4056,1.1370,0.9586"
0_picke_dirty_01_2k_packed,weathered gray wooden hoe,hoe,"1.1156,0.5498,0.0691"
0_planter_pot_clay_2k_packed,weathered terracotta pot,pot,"0.2660,0.2635,0.2219"
0_plastic_bottle_gallon_2k_packed,white plastic bottle,bottle,"0.1663,0.1264,0.2745"
0_plastic_monobloc_chair_01_2k_packed,white plastic garden chair,chair,"0.6419,0.6276,0.8798"
0_plunger_2k_packed,brown rubber plunger,plunger,"0.1721,0.1721,0.4211"
0_pot_enamel_01_2k_packed,brown ceramic kettle,kettle,"0.2629,0.1805,0.1783"
0_power_box_01_2k_packed,gray metal electrical box,box,"0.3455,0.1071,0.5031"
0_rockingchair_01_2k_packed,dark brown wooden rocking chair,chair,"0.7081,0.8335,0.9949"
0_Round_table,round carved mahogany coffee table,table,"1.3066,1.3079,0.7691"
0_round_wooden_table_01_2k_packed,dark brown wooden coffee table,table,"1.3993,1.3993,1.0050"
0_rusted_spade_01_2k_packed,weathered metal shovel,shovel,"1.1009,0.1681,0.0456"
0_rusted_wheel_rim_01_2k_packed,rusted metal wheel rim,wheel,"0.4029,0.3955,0.1541"
0_scandinavian_masonry_heater_2k_packed,blue grey metal stove,stove,"1.1677,1.3353,2.3605"
0_school_chair_01_2k_packed,navy plastic school chair,chair,"0.5659,0.6753,1.0060"
0_school_desk_01_2k_packed,light wood school desk,desk,"0.7118,0.5460,0.8826"
0_side_table_01_2k_packed,light oak coffee table,table,"0.5500,0.4500,0.5507"
0_SM_002_Book001,gray white finance book,bookcase,"0.1958,0.2979,0.0256"
0_SM_002_Book002,white geometric architecture book,bookcase,"0.2103,0.3012,0.0253"
0_SM_002_Deco002,white geometric star shaped ornament,ornament,"0.0925,0.0925,0.0922"
0_SM_002_Deco005,white marble gold serving tray,tray,"0.8463,0.0676,1.0332"
0_SM_003_Deco001,white ladder jewelry organizer,shelf,"0.1182,0.0667,0.1246"
0_SM_003_Deco003,clear glass appetizer tray,tray,"0.0491,0.0491,0.0411"
0_SM_003_Deco004,clear glass nail polish bottle,bottle,"0.0416,0.0416,0.0473"
0_SM_Armchair,taupe upholstered armchair,chair,"0.9095,0.9000,0.7993"
0_SM_Armchair_2,brown fabric armchair,chair,"0.9095,0.9000,0.7283"
0_SM_Bag_16,white quilted handbag,bag,"0.3262,0.1356,0.2076"
0_SM_Bag_23,taupe white handbag,bag,"0.3587,0.1694,0.3372"
0_SM_Bag_33,beige quilted handbag,bag,"0.3971,0.3054,0.2184"
0_SM_Bag_34,pale grey leather bag,bag,"0.6234,0.3573,0.3968"
0_SM_Bag_35,brown leather crossbody bag,bag,"0.3730,0.2220,0.2533"
0_SM_Bag_36,beige leather tote bag,bag,"0.2960,0.2007,0.3201"
0_SM_Bag_37,gray quilted leather handbag,bag,"0.2837,0.2094,0.2345"
0_SM_Bag_38,pale pink leather clutch,clutch,"0.4128,0.1304,0.1954"
0_SM_Bag_39,brown canvas duffle bag,bag,"0.3145,0.1459,0.2417"
0_SM_Bag_40,denim blue shoulder bag,bag,"0.2784,0.0829,0.3868"
0_SM_Bag_41,light blue leather hobo bag,bag,"0.2768,0.0983,0.2844"
0_SM_Bag_42,beige leather doctor bag,bag,"0.2306,0.1447,0.2825"
0_SM_Bag_44,white leather tote bag,bag,"0.3917,0.1524,0.2322"
0_SM_Bag_45,light blue silicone tote bag,bag,"0.3703,0.1779,0.3687"
0_SM_Bathtub,white chrome bathtub,bathtub,"1.7702,0.9956,1.0575"
0_SM_Bed,grey upholstered bed,bed,"2.0823,2.1855,1.1077"
0_SM_Bed_2,white upholstered bed,bed,"2.2652,2.2382,1.0196"
0_SM_Bed_Modular_Pillow_1,light gray pillow,pillow,"0.5601,0.1993,0.2439"
0_SM_Bed_Modular_Pillow_2,gray white striped pillow,pillow,"0.4005,0.2030,0.2285"
0_SM_Bed_Modular_Pillow_3,dark soft pillow,pillow,"0.6969,0.2769,0.3454"
0_SM_Blinds_2,brown wooden horizontal blinds,blind,"1.6376,0.0936,1.7436"
0_SM_Blinds_3,wooden slat blinds,blind,"1.6376,0.0936,2.0437"
0_SM_Book001_02,white magazine,magazine,"0.1834,0.2807,0.0257"
0_SM_Book002_02,white framed art book,bookcase,"0.2290,0.3134,0.0342"
0_SM_Cabinet,cream fluted display cabinet,cabinet,"1.2896,0.4386,0.9838"
0_SM_Cabinet002,gray beige vanity table,table,"1.9350,0.5100,1.2767"
0_SM_Carpet_thr001,gray blue camouflage carpet,rug,"1.3306,1.3250,0.0100"
0_SM_Chair_1,white upholstered dining chair,chair,"0.6465,0.6375,0.8508"
0_SM_Chair_2,light gray upholstered dining chair,chair,"0.4983,0.6139,0.8899"
0_SM_Chair_Sec001,white framed armchair,chair,"0.7123,0.6925,1.1037"
0_SM_Coffee_cup_2,dark gray ceramic mug,mug,"0.0810,0.1072,0.0978"
0_SM_Coffee_table_1,light wood coffee table,table,"1.1000,0.6000,0.4000"
0_SM_Commode,light wood dresser,dresser,"1.4685,0.6091,0.8841"
0_SM_Conference_table,dark gray metal table,table,"3.3000,1.4000,0.7000"
0_SM_Deco_Sec004,metallic bronze nail polish,nail,"0.0230,0.0230,0.0861"
0_SM_Deco_Sec013,black synthetic makeup brush,brush,"0.0154,0.1404,0.0178"
0_SM_Deco_thr001,rose gold metal frame,frame,"0.1147,0.1003,0.1477"
0_SM_Deco_thr008,cream glass cylinder vase,vase,"0.1845,0.1810,0.4320"
0_SM_Deco007,beige kraft coffee bag,bag,"0.0682,0.0372,0.1115"
0_SM_Deco008_02,white ceramic sugar canister,container,"0.0942,0.0949,0.0873"
0_SM_Deco011,beige paper shopping bag,bag,"0.3884,0.1159,0.3202"
0_SM_Deco011_02,yellow green lemon slice,fruit,"0.0642,0.0563,0.0634"
0_SM_Deco012,beige paper shopping bag,bag,"0.3875,0.1146,0.3202"
0_SM_Deco017_02,white wooden electric kettle,kettle,"0.2310,0.1401,0.1617"
0_SM_Deco018,white ceramic vase,vase,"0.2157,0.1465,0.3206"
0_SM_Deco018_02,gray mesh portable radio,radio,"0.2542,0.0951,0.2219"
0_SM_Deco019,sage green coffee machine,machine,"0.1702,0.4051,0.2995"
0_SM_Deco019_02,white daisies rustic pot,pot,"0.3219,0.2938,0.3465"
0_SM_Deco020,white marble plate,plate,"0.1897,0.1732,0.0200"
0_SM_Deco021_02,stainless steel countertop oven,oven,"0.4150,0.3012,0.2468"
0_SM_Deco023_02,sage green plastic storage box,box,"0.2868,0.1894,0.1624"
0_SM_Deco025,cream ceramic stew pot,pot,"0.2220,0.1822,0.1294"
0_SM_Deco029,green chrome table lamp,lamp,"0.2617,0.2678,0.3665"
0_SM_Desk_Fir001,white ornate desk,desk,"1.4368,0.5830,0.9989"
0_SM_Desk_Sec001,white ornate desk,desk,"1.3862,0.5872,0.7450"
0_SM_Desk_thr001,white gold neoclassical desk,desk,"1.4422,0.5100,0.7260"
0_SM_Door_1,dark gray modern door,door,"0.7777,0.1318,2.0971"
0_SM_Drawer,taupe wood storage cabinet,cabinet,"0.4210,0.5580,0.5733"
0_SM_DressingTable001,white open leg vanity table,table,"2.6024,0.6000,0.7828"
0_SM_DressingTable003,dark gray white chrome vanity table,table,"1.4517,0.6351,0.8108"
0_SM_Fleshiness_01,lush green fern pot,vase,"0.3773,0.3770,0.4043"
0_SM_Fleshiness_03,silver green ceramic pot,vase,"0.2193,0.2197,0.5709"
0_SM_Fleshiness_04,vibrant green rosemary plant,plant,"0.2573,0.2560,0.4399"
0_SM_Fleshiness_05,green ribbed cactus pot,pot,"0.2297,0.2297,0.3528"
0_SM_Fleshiness_06,white veined zebra plant,plant,"0.3564,0.3802,0.3102"
0_SM_Fleshiness_08,pale green ceramic pot,vase,"0.2272,0.2420,0.3829"
0_SM_Fleshiness_10,lush green philodendron,plant,"0.2890,0.3084,0.3623"
0_SM_Fleshiness_11,light green ceramic planter,planter,"0.3342,0.3268,0.3701"
0_SM_Fleshiness_12,grey green aloe ceramic bowl,bowl,"0.3354,0.2988,0.4066"
0_SM_Floor_Lamp,dark gray angular floor lamp,lamp,"0.4408,0.4408,1.5256"
0_SM_Keyboard,white minimalist keyboard,keyboard,"0.3255,0.1373,0.0103"
0_SM_Kitchen_bottom_1m,concrete gray shoe cabinet,cabinet,"1.0000,0.6000,0.8500"
0_SM_Kitchen_bottom_60cm,light wood kitchen cabinet,cabinet,"0.6000,0.6000,0.8500"
0_SM_Kitchen_bottom_sink_1m,wood grain kitchen cabinet,cabinet,"1.0000,0.6000,1.1506"
0_SM_Kitchen_corner_60cm,black walnut kitchen cabinet,cabinet,"1.2000,0.6000,2.3000"
0_SM_Kitchen_cupboard_60cm,light wood grain cabinet,cabinet,"0.6000,0.6000,2.3000"
0_SM_Kitchen_decor_1,black matte mug rack,rack,"0.5600,0.0986,0.1882"
0_SM_Kitchen_table,dark gray round coffee table,table,"1.3415,1.3423,0.7217"
0_SM_Kitchen_top_60cm,dark gray minimalist cabinet,cabinet,"0.6000,0.4000,0.7505"
0_SM_Kitchen_top_shelf_50cm,dark angular display shelf,shelf,"0.6000,0.3200,0.7505"
0_SM_Laptop,light gray laptop,laptop,"0.3830,0.2824,0.2571"
0_SM_Military_Bed_2,beige plaid single bed,bed,"1.9667,0.8735,0.8591"
0_SM_Mirror_Fir001,white ornate oval mirror,mirror,"0.9937,0.0528,1.3599"
0_SM_Mirror_Sec001,ornate carved wall mirror,mirror,"0.8526,0.0309,1.1274"
0_SM_Mirror_thr001,white framed vanity mirror,mirror,"0.8000,0.1146,1.2399"
0_SM_Mirror001,natural wood wall mirror,mirror,"0.7196,0.0300,0.7196"
0_SM_Mirror003,brushed metal oval mirror,mirror,"0.5933,0.0363,0.7547"
0_SM_Modern_Armchair,beige modern sofa chair,chair,"1.3668,1.0446,0.8568"
0_SM_Modern_Bed_1,beige patterned double bed,bed,"2.3857,2.3403,1.1413"
0_SM_Modern_Bed_2,white upholstered bed,bed,"2.3543,2.3208,1.1286"
0_SM_Modern_Cupboard,light wood wardrobe,wardrobe,"2.8225,0.7578,2.5689"
0_SM_Modern_Office_chair,brown fabric office chair,chair,"0.6205,0.6443,1.0218"
0_SM_Modern_Table,dark angular wooden desk,desk,"1.9298,0.9093,0.7798"
0_SM_Monitor_2,dark metallic monitor,monitor,"0.5630,0.1617,0.4469"
0_SM_Old_Chair,dark wooden chair,chair,"0.4837,0.4900,0.9507"
0_SM_Old_Table,dark brown wooden desk,desk,"1.5798,0.8899,0.7496"
0_SM_Plant_03,golden brown palm pot,pot,"1.1791,1.2604,1.4006"
0_SM_Plant_05,tropical green ceramic pot,pot,"0.9589,0.9336,1.4639"
0_SM_Plant_08,green concrete planter,planter,"0.7051,0.6269,1.1669"
0_SM_Plant_09,white ribbed planter,planter,"0.7494,0.5113,1.3738"
0_SM_Plant_10,green ribbed ceramic pot,pot,"0.8883,0.9124,1.4495"
0_SM_Plant_11,concrete pebble fan palm,plant,"0.5219,0.5069,0.9179"
0_SM_Plant_14,gray textured pot,pot,"0.8034,0.8388,1.3877"
0_SM_Reception_table,light marble beige wood table,table,"2.0000,0.7000,0.7500"
0_SM_Round_chair,gray metal bar stool,stool,"0.4393,0.4393,0.7006"
0_SM_Shelf,industrial wood bookshelf,bookcase,"1.0000,0.4000,3.2008"
0_SM_Shelf_2,light wood shelving unit,shelf,"0.8000,0.3500,2.0150"
0_SM_Shoe13_L,gray canvas high top,table,"0.0858,0.2488,0.0689"
0_SM_Shoe24_L,blue canvas high top,stool,"0.0733,0.2127,0.0633"
0_SM_Shoe4_L,brown leather slip shoe,shoe,"0.0816,0.2280,0.1147"
0_SM_Shoe5_L,grey leather high heel,shoe,"0.0848,0.2459,0.0731"
0_SM_Sofa_1,beige modular sectional sofa,sofa,"3.8072,3.0086,0.8441"
0_SM_Sofa_1_ottoman,charcoal velvet floor cushion,cushion,"0.9427,0.7062,0.4011"
0_SM_Sofa_2,beige fabric sofa,sofa,"2.7624,1.0424,0.8559"
0_SM_Stool_Fir001,teal velvet bench,bench,"0.7894,0.3337,0.4949"
0_SM_Stool001,gray upholstered ottoman,ottoman,"0.4733,0.4786,0.4126"
0_SM_Stool002,gray textured stool,stool,"0.6027,0.4017,0.4492"
0_SM_Stool003,gray upholstered ottoman,ottoman,"0.4411,0.4492,0.4222"
0_SM_Table_1,gray rectangular coffee table,table,"1.9987,0.9987,0.7362"
0_SM_Table001,white marble vanity table,table,"1.5212,0.4548,0.8979"
0_SM_Table001_02,white marble gold metal console table,table,"1.3205,0.3500,0.8299"
0_SM_Table003_03,white marble console table,table,"1.3990,0.3500,0.8500"
0_SM_TableLamp_thr001,beige linen table lamp,lamp,"0.3072,0.3066,0.6422"
0_SM_Toilet,white ceramic toilet,toilet,"0.4437,0.6942,0.7880"
0_SM_Vase_2,beige ceramic vase,vase,"0.1388,0.1373,0.3229"
0_small_oil_can_01_2k_packed,weathered red metal can,can,"0.2661,0.1038,0.2368"
0_sofa_01_2k_packed,beige upholstered sofa,sofa,"1.5715,0.6580,0.7965"
0_sofa_02_2k_packed,dark gray tufted sofa,sofa,"1.8072,0.8178,0.7095"
0_sofa_03_2k_packed,brown leather sofa,sofa,"2.7312,0.9251,1.1183"
0_standing_picture_frame_01_2k_packed,dark gray wooden easel stand,stand,"0.2008,0.1003,0.2497"
0_steel_frame_shelves_01_2k_packed,light wood shelf,shelf,"1.0974,0.5021,2.1405"
0_steel_frame_shelves_02_2k_packed,light wood five tier shelf,shelf,"0.5933,0.5024,2.1416"
0_steel_frame_shelves_03_2k_packed,dark wood metal shelf,shelf,"2.3511,0.7212,2.3118"
0_television_01_2k_packed,vintage wood television,stand,"0.6000,0.4708,0.4568"
0_tire_pump_2k_packed,silver gray floor bike pump,pump,"0.2549,0.1010,0.5795"
0_treasure_chest_2k_packed,weathered wooden chest,chest,"0.9590,0.5229,0.6190"
0_ukulele_01_2k_packed,natural wood ukulele,ukulele,"0.5270,0.1779,0.0508"
0_utility_box_01_2k_packed,weathered gray metal cabinet,cabinet,"0.5200,0.4320,1.1203"
0_utility_box_02_2k_packed,weathered green metal cabinet,cabinet,"0.9200,0.4320,1.1203"
0_vintage_cabinet_01_2k_packed,dark gray wooden hutch,hutch,"2.0218,0.6698,2.2351"
0_vintage_oil_lamp_2k_packed,antique brass perfume atomizer,atomizer,"0.2200,0.2200,0.8016"
0_vintage_pocket_watch_2k_packed,beige floral pocket watch,watch,"0.0613,0.0799,0.0136"
0_vintage_wooden_drawer_01_2k_packed,wooden metal storage cabinet,cabinet,"0.8576,0.4574,0.5454"
0_wheelchair_01_2k_packed,gray metal wheelchair,chair,"0.8241,1.0909,1.1035"
0_wooden_axe_02_2k_packed,gray metal axe,axe,"0.7042,0.2257,0.0509"
0_wooden_axe_2k_packed,weathered metal battle axe,axe,"0.6303,0.2143,0.0472"
0_wooden_bowl_02_2k_packed,natural wooden bowl,bowl,"0.1307,0.1245,0.0731"
0_wooden_bucket_01_2k_packed,weathered wooden bucket,bucket,"0.3670,0.3422,0.5499"
0_wooden_bucket_02_2k_packed,rustic wooden barrel,barrel,"0.6153,0.6163,0.3504"
0_wooden_candlestick_2k_packed,rustic wooden candlestick,candle,"0.0972,0.0987,0.2197"
0_wooden_crate_02_2k_packed,wooden engraved storage box,box,"1.1663,0.5291,0.4640"
0_wooden_cutting_board_2k_packed,natural wood cutting board,board,"0.4499,0.2467,0.0413"
0_wooden_display_shelves_01_2k_packed,light wood display cabinet,cabinet,"1.0778,0.3715,1.5562"
0_wooden_handle_saber_2k_packed,silver metal curved sword,sword,"0.9355,0.1228,0.0257"
0_wooden_lantern_01_2k_packed,weathered metal lantern,lantern,"0.2210,0.2347,0.5301"
0_wooden_spoon_2k_packed,natural wooden spoon,spoon,"0.2776,0.0867,0.0251"
0_wooden_stool_02_2k_packed,weathered wooden stool,stool,"0.2652,0.1831,0.1819"
0_yellow_onion_2k_packed,brown papery onion,onion,"0.0725,0.0686,0.0864"
1_AntitankObstacles,weathered metal hedgehog,vase,"2.4441,2.1981,1.8641"
1_Barbwire01,gray spiral obstacle coil,coil,"2.0600,0.6633,0.6759"
1_BarrierConcrete01,gray concrete barrier,barrier,"1.5755,0.6263,0.9794"
1_Brick01,gray concrete cinder block,block,"0.3181,0.1590,0.1590"
1_Sandbag03,beige sandbag barricade wall,wall,"3.2766,0.5713,0.9236"
1_TinSheet01,weathered brown metal sheet,shelf,"1.0285,2.0479,0.0287"
1_TinSheet02,weathered brown corrugated metal sheet,sheet,"1.0724,1.8680,0.2347"
10_SM_Ad_Box,gray red freestanding sign,sign,"0.9044,0.5741,1.8207"
10_SM_Ad_Box_05,white weathered digital billboard,billboard,"0.9044,0.5741,1.8207"
10_SM_Ad_Box_06,weathered metal sign,sign,"0.9044,0.5741,1.8207"
10_SM_Chair,dark olive green stadium bench,bench,"1.9378,0.7067,1.2735"
10_SM_Fire_Extinguisher,weathered red fire extinguisher,fire,"0.2658,0.1842,0.5643"
10_SM_Phone_01,gray concrete telephone booth,booth,"0.4654,0.1807,0.9133"
10_SM_Phone_03,weathered gray payphone,phone,"0.3066,0.1024,0.6645"
10_SM_Pipe_03,gray concrete cable duct,duct,"0.5312,0.0748,0.1979"
10_SM_Pipe_04,weathered concrete pipe,pipe,"0.5512,0.0766,0.0777"
10_SM_Train,silver gray subway train car,car,"2.8056,15.1019,3.7248"
10_SM_Trash_Bin,weathered white cylindrical bin,bin,"0.3601,0.3594,0.6272"
11_SM_Blade,black wrapped katana,sword,"0.9482,0.0958,0.3732"
11_SM_Books_03,teal blue paperback book,book,"0.1402,0.0347,0.2099"
11_SM_Books_04,gray bloodstained book,book,"0.1386,0.0310,0.2102"
11_SM_Books_05,aged parchment book,book,"0.1402,0.0356,0.2099"
11_SM_Books_06,dark navy paperback book,book,"0.1386,0.0317,0.2102"
11_SM_Burger,sesame seed burger,burger,"0.1566,0.1542,0.0874"
11_SM_Cabinet_01,white marble cabinet,cabinet,"1.0000,0.7161,0.9497"
11_SM_Cabinet_02,white marble cabinet,cabinet,"1.0000,0.7154,0.9497"
11_SM_Cabinet_07,gray metal distribution cabinet,cabinet,"0.4370,0.3748,0.6234"
11_SM_Can_01,vintage turquoise cylindrical can,can,"0.0579,0.0579,0.0820"
11_SM_Can_06,red label tuna can,can,"0.0580,0.0580,0.0367"
11_SM_Carpet,deep red floral carpet,rug,"2.9431,5.5000,0.0000"
11_SM_Cigarette_01,vintage turquoise cigarette pack,pack,"0.0379,0.0141,0.0689"
11_SM_Cigarette_03,tan filter cigarette,cigarette,"0.0042,0.0399,0.0042"
11_SM_Cigarette_05,vintage red matchbox,matchbox,"0.0192,0.0340,0.0054"
11_SM_CoffeeCup_01,dark textured cylindrical cup,cup,"0.0585,0.0609,0.0949"
11_SM_ColaCan_01,crushed green soda can,can,"0.0510,0.0494,0.0681"
11_SM_ColaCan_02,crushed brown paper juice container,container,"0.0528,0.0495,0.0673"
11_SM_ColaCan_04,green aluminum can,can,"0.0488,0.0488,0.0934"
11_SM_Door_01,brown wooden door,door,"1.2228,0.1689,2.1072"
11_SM_Door_02,dark wood door,door,"1.2228,0.1689,2.3314"
11_SM_FoodBox_01,white red illustrated burger box,box,"0.2193,0.2000,0.2219"
11_SM_FoodBox_02,white cardboard fries container,container,"0.0897,0.0872,0.1552"
11_SM_FoodBox_03,white cardboard burger box,box,"0.1977,0.2006,0.1333"
11_SM_FoodBox_04,white cardboard box,box,"0.3635,0.2004,0.1999"
11_SM_FoodBox_05,white cardboard fries container,container,"0.0946,0.1241,0.1505"
11_SM_FoodBox_07,white cardboard pizza box,box,"0.5083,0.5569,0.4787"
11_SM_FoodBox_08,gray cardboard pizza box,box,"0.5078,0.5571,0.1022"
11_SM_KitchenSink,white marble kitchen cabinet,cabinet,"1.0000,0.7154,1.2286"
11_SM_Microwawe,white compact microwave,microwave,"0.4993,0.2534,0.2598"
11_SM_Oven,gray metal gas stove,stove,"0.9531,0.6187,0.9249"
11_SM_Poster,tilted food magazine page,page,"0.9193,0.2065,1.3121"
11_SM_Poster_01,sunset pink purple city,city,"1.3121,0.0922,0.9193"
11_SM_Refrigrator,white rounded refrigerator,refrigerator,"0.9703,0.7203,1.7549"
11_SM_Sofa_02,dark green velvet armchair,chair,"1.5377,1.3909,1.4700"
11_SM_TV,black gray crt television,television,"0.6377,0.5202,0.5471"
11_SM_TVStand,dark brown wooden storage box,box,"0.9063,0.6758,0.3194"
11_SM_VHSTape_01,dark gray vhs tape,tape,"0.1779,0.0201,0.1018"
11_SM_VHSTape_02,gray white vhs tape,tape,"0.1779,0.1018,0.0201"
11_SM_Window_01,weathered yellow green window,window,"2.0003,0.0843,1.0984"
12_SM_Ashtrays,dark gray ashtray,ashtray,"0.0802,0.0795,0.0213"
12_SM_Big_Recycle_Bin,weathered gray metal dumpster,dumpster,"1.7916,1.0096,1.1525"
12_SM_BlackBoard,weathered teal chalkboard,chalkboard,"1.6824,0.3900,1.8057"
12_SM_Box_1,cardboard corrugated box,box,"0.6431,0.6471,0.2938"
12_SM_Canopy_12,black metal pergola,pergola,"1.8656,3.1830,2.4405"
12_SM_Ceiling_Fan_Blade,sleek gray ceiling fan,fan,"1.1188,1.2786,0.0530"
12_SM_Chair_2,brown wooden dining chair,chair,"0.4740,0.4670,0.8395"
12_SM_Desk,ornate wooden desk,desk,"1.9344,0.7344,0.7105"
12_SM_Door,dark gray paneled door,door,"1.0124,0.1878,2.1984"
12_SM_Fan,mint green metal desk fan,fan,"0.3991,0.3172,0.5388"
12_SM_Hat,beige widebrimmed hat,hat,"0.3258,0.3721,0.1232"
12_SM_Holder_1,gray green lever arch binder,binder,"0.0796,0.2704,0.3377"
12_SM_Holder_2,dark gray ring binder,binder,"0.0796,0.2704,0.3377"
12_SM_Paper_1,grayscale photo newspaper,newspaper,"0.2131,0.0000,0.3009"
12_SM_Phone,beige multi button landline phone,phone,"0.3499,0.3720,0.1227"
12_SM_Pictuer_2,dark abstract poster,poster,"0.0717,0.0020,0.0735"
12_SM_Pictures,red linked document board,board,"1.5397,0.0899,0.8559"
12_SM_Radio,brown wooden radio,shelf,"0.4041,0.1998,0.2704"
12_SM_Sign_2,blue geometric billboard,billboard,"1.4907,0.1518,0.7098"
12_SM_Sign_5,white outlined open sign,sign,"1.5376,0.0410,0.9035"
12_SM_Small_Recycle_Bin,weathered galvanized trash can,can,"0.4189,0.4252,0.5739"
12_SM_Small_Table_2,gray framed cork bulletin board,board,"1.2169,0.0223,0.8223"
12_SM_Street_Light,gray curved gooseneck lamp,lamp,"2.0263,0.2956,4.8022"
12_SM_Window,gray wooden window,window,"2.1000,0.1897,1.5000"
12_SM_World_Globe,light blue beige desktop globe,desk,"0.4607,0.4280,0.6682"
13_Trash_Props,green metal trash bin,bin,"3.2359,1.6877,2.2554"
14_SM_Air_Vent_Duct_04,gray spiral industrial component,component,"0.3669,0.4424,0.4400"
14_SM_Air_Vent_Duct_05,weathered gray pipe,pipe,"2.0000,0.4645,0.4383"
14_SM_Aircon_01,weathered white air conditioner,air,"0.9589,0.5020,0.7166"
14_SM_Aircon_Blade,gray five blade industrial fan,fan,"0.3492,0.0647,0.3575"
14_SM_Buildings_rollup_8m_01,smooth gray concrete beam,beam,"4.1474,0.3929,0.3541"
14_SM_Car_01,blue grey weathered suv,car,"5.8343,2.5735,1.9830"
14_SM_Cardboards_Box_01,gray cardboard storage box,box,"0.3604,0.2134,0.1959"
14_SM_Cardboards_Box_03,brown cardboard shipping box,box,"0.3532,0.3534,0.3092"
14_SM_Cardboards_Box_07,pink striped shipping box,box,"0.4451,0.3621,0.4050"
14_SM_Cardboards_Box_08,brown cardboard box,box,"0.2095,0.3509,0.2992"
14_SM_Cardboards_Box_10,beige checkered pizza box,box,"0.3433,0.3880,0.3207"
14_SM_Cardboards_Box_11,checkered cardboard pizza box,box,"0.3885,0.0737,0.3528"
14_SM_Cardboards_Box_12,tan red blue cardboard,cardboard,"0.5553,0.4887,0.0223"
14_SM_Fence_Chain,beige metal padlock,padlock,"0.2394,0.1599,0.2495"
14_SM_Power_Post_Light,dark grey wall lamp,lamp,"1.6024,0.5057,0.4748"
14_SM_Sign_01,vintage teal laundry billboard,billboard,"2.5166,1.9556,5.0414"
14_SM_Sign_02,green metal billboard,billboard,"1.9755,0.5005,4.9000"
14_SM_Sign_04,green metal billboard,billboard,"7.5115,1.4783,4.5037"
14_SM_Small_Trash_Bottle_03,green translucent soda bottle,bottle,"0.0820,0.0811,0.2588"
14_SM_Small_Trash_Bottle_04,white disposable coffee cup,cup,"0.0642,0.0642,0.0896"
14_SM_Small_Trash_Debris_04,crumpled cardboard packaging,box,"0.1105,0.0784,0.0484"
14_SM_Small_Trash_Magazine_01,folded newspaper photograph,photo,"0.2500,0.1773,0.0106"
14_SM_Small_Trash_NewsPaper_02,folded newspaper with photo inserts,newspaper,"0.3139,0.2665,0.0310"
14_SM_Small_Trash_NewsPaper_03,folded newspaper headlines,newspaper,"0.3085,0.2634,0.0279"
14_SM_Trash_Bin_Big_Closed,blue gray ribbed dumpster,dumpster,"1.9634,1.0737,1.2680"
14_SM_Trash_Bin_Big_Half_Open_01,dark metal dumpster,bin,"1.9634,1.1160,1.2685"
14_SM_Trash_Bin_Big_Half_Open_03,green metal dumpster,dumpster,"1.9634,1.2124,2.2509"
14_SM_Trash_Bin_Medium_Closed,olive green wheeled trash bin,bin,"0.6035,0.7662,1.1223"
14_SM_Trash_Bin_Medium_HalfOpen,olive green wheeled trash bin,bin,"0.6035,0.8725,1.7193"
14_SM_Trash_Bin_Medium_HalfOpen_02,gray open trash bin,bin,"0.6035,0.8725,1.7193"
14_SM_Trash_Bin_Medium_Open,sage green wheeled trash bin,bin,"0.6035,0.7957,1.0897"
14_SM_TrashBin_Bag,gray plastic trash bag,bag,"0.5006,0.4418,0.5410"
14_SM_TrashBin_Close,white cylindrical trash bin,bin,"0.4597,0.4597,0.6498"
14_SM_TrashBin_Open,white cylindrical trash bin,bin,"0.4815,0.6893,0.6740"
14_SM_Trims_4m_10,gray steel i beam,beam,"4.0000,0.3028,0.4022"
15_SM_Chair_1,gray quilted office chair,chair,"0.6914,0.7184,1.2063"
15_SM_Chair_2,gray quilted office chair,chair,"0.5559,0.5994,0.9212"
15_SM_Curtains,brown translucent curtain,curtain,"3.5754,0.1241,2.8018"
15_SM_Display,dark gray flat panel screen,screen,"0.0400,2.4000,1.6000"
15_SM_Floor_Lamp,white cylindrical floor lamp,lamp,"0.5054,0.4665,1.4896"
15_SM_Sofa,dark gray fabric sofa,sofa,"2.2716,0.9328,0.8840"
15_SM_Table,brown metal conference table,table,"6.6495,1.8999,0.8301"
16_SM_Ceiling_Lamp,sleek black pendant light,lamp,"1.1010,0.0600,1.2177"
16_SM_Chair,gray upholstered bar stool,stool,"0.4930,0.4647,0.9107"
16_SM_Decor_4,silver metallic spiral sculpture,sculpture,"0.2165,0.2165,0.2648"
16_SM_Door_Enter,white plain door,door,"0.9122,0.1465,2.0000"
16_SM_Kitchen_decor_5,stainless steel pitcher,pitcher,"0.1129,0.0877,0.1547"
16_SM_Sofa_module_1,cream inflatable lounge chair,chair,"1.1139,1.1186,0.6316"
16_SM_Tulle,gray linen curtain,curtain,"2.0619,0.1358,3.0683"
16_SM_Tumblr_2,gray rectangular wall switch,switch,"0.1576,0.0162,0.0907"
16_SM_Wiindow,gray metal sliding window,window,"1.3000,0.1500,1.5000"
17_SM_Armchair,beige upholstered armchair,chair,"1.0878,0.9865,0.6849"
17_SM_Bath,dark gray marble bathtub,bathtub,"1.6689,1.0512,0.8620"
17_SM_Bathroom_decor_1,gray marbled towel rack,rack,"0.6485,0.1545,0.5531"
17_SM_Bathroom_decor_10,olive green jar,jar,"0.0873,0.0866,0.0576"
17_SM_Bathroom_decor_3,gray camouflage rolled towel,towel,"0.4418,0.2660,0.1538"
17_SM_Bathroom_decor_4,white paper holder,holder,"0.1623,0.1243,0.2294"
17_SM_Bathroom_decor_5,beige pump bottle,bottle,"0.0742,0.0775,0.2007"
17_SM_Bathroom_decor_6,white translucent pump bottle,bottle,"0.0685,0.0685,0.1873"
17_SM_Bathroom_decor_6_v2,gray pump bottle,bottle,"0.0687,0.0687,0.1873"
17_SM_Bathroom_decor_7,white natural pump dispenser,dispenser,"0.0737,0.0737,0.1698"
17_SM_Bed,gray beige upholstered bed,bed,"1.9969,2.3237,0.9170"
17_SM_Bed_Ottoman,gray beige ottoman,ottoman,"0.7653,0.7663,0.3882"
17_SM_Blinds_2,beige pleated cellular shades,curtain,"1.3576,0.0822,1.4883"
17_SM_Blinds_3,beige pleated cellular shade,lamp,"1.3576,0.0822,1.6660"
17_SM_Clock,gray cylindrical alarm clock,clock,"0.1203,0.1203,0.1160"
17_SM_Coffee_table_1,beige round tray table,table,"0.5097,0.5097,0.4800"
17_SM_Cup,dark gray ceramic cup,cup,"0.1569,0.1569,0.0617"
17_SM_Decor_1,metallic gray molecular model,model,"0.0874,0.1093,0.0819"
17_SM_Decor_10,gray metal bookend,bookcase,"0.1283,0.2553,0.1797"
17_SM_Decor_23,white speckled ceramic bowl,bowl,"0.2527,0.2526,0.1016"
17_SM_Decor_5,frosted glass skincare bottle,bottle,"0.1187,0.1187,0.1574"
17_SM_Headphones,gray beige wireless headphones,headphones,"0.2072,0.2449,0.0939"
17_SM_Kitchen_Decor_1,white ceramic jar,vase,"0.1529,0.1529,0.1543"
17_SM_Kitchen_Decor_12,brown textured paper bag,bag,"0.0923,0.2173,0.2205"
17_SM_Kitchen_Decor_18,natural wooden utensil set,utensil,"0.2777,0.1621,0.3284"
17_SM_Kitchen_Decor_3,curved walnut cutting board,board,"0.3247,0.0684,0.3031"
17_SM_Kitchen_Decor_6,shallow wooden bowl,bowl,"0.1648,0.1634,0.0559"
17_SM_Magazine_1,white rolled magazine,magazine,"0.2471,0.2970,0.0543"
17_SM_Magazine_2,white glossy magazine stack,stack,"0.2502,0.3238,0.0386"
17_SM_Mirror_3,gray sleek standing mirror,mirror,"0.5501,0.0300,1.2393"
17_SM_Opened_Book,cream page magazine,magazine,"0.3882,0.2394,0.0518"
17_SM_Plant_1,green terracotta plant,vase,"0.7065,0.8399,1.1447"
17_SM_Plant_2,terracotta ribbed pot,pot,"0.5713,0.5319,1.1325"
17_SM_Plates,matte black ceramic plates,plate,"0.2370,0.2371,0.0318"
17_SM_Pot,white plastic pot,pot,"0.2614,0.2198,0.1494"
17_SM_Shower_Cabin,gray metal shower enclosure,shower,"1.0014,1.0020,1.9984"
17_SM_Sink_Bathroom,gray marble vessel sink,sink,"1.3000,0.5500,0.7406"
17_SM_Socket_2,gray recessed wall outlet,outlet,"0.1615,0.0327,0.0858"
17_SM_Toilet_2,white ceramic bidet,bidet,"0.3775,0.5601,0.4012"
17_SM_Window_1,dark gray metal window,window,"1.4000,0.1669,2.0600"
17_SM_Window_2,dark gray metal window,window,"1.6000,0.1669,2.1600"
17_SM_Window_3,dark gray metal window frame,frame,"2.1030,0.0800,2.0612"
18_SM_Bed,gray upholstered platform bed,bed,"2.1240,2.3241,0.9162"
18_SM_Book_10,gray modernist magazine,magazine,"0.1345,0.1933,0.0240"
18_SM_Book_5,black silver brain book,book,"0.1843,0.2603,0.0134"
18_SM_Carpet,beige geometric carpet,rug,"2.2000,1.5000,0.0200"
18_SM_Cup,white ceramic cup,cup,"0.1051,0.1258,0.0653"
18_SM_Decor_1,white textured vase,vase,"0.1533,0.1533,0.3541"
18_SM_Decor_2,white reed diffuser,diffuser,"0.1199,0.1199,0.3410"
18_SM_Digital_Clock,gray led digital clock,clock,"0.1500,0.0450,0.0700"
18_SM_Dimmer,white circular dimmer switch,switch,"0.0850,0.0150,0.0850"
18_SM_Picture_1,night cityscape photograph,photo,"0.9251,0.0335,0.6939"
18_SM_Table_Decor,pale pink marshmallow treat,treat,"0.1867,0.1867,0.0706"
18_SM_Wall_Clock,gray round wall clock,clock,"0.3783,0.0670,0.3783"
19_SM_Book_1,ocean sunset paperback book,book,"0.0528,0.2886,0.3707"
19_SM_Book_2,food photography cookbook,cookbook,"0.0528,0.2886,0.3707"
19_SM_Book_3,white abstract art book,bookcase,"0.0328,0.2762,0.3161"
19_SM_Book_4,blurry subway paperback book,book,"0.0328,0.2875,0.3447"
19_SM_Book_5,dark hardcover book,book,"0.0335,0.2478,0.2904"
19_SM_Book_6,olive green mars surface book,book,"0.0351,0.3041,0.3041"
19_SM_Book_7,dark gray freelancer book,desk,"0.0250,0.2349,0.3119"
19_SM_Book_8,dark red forest book,bookcase,"0.0382,0.2741,0.2735"
19_SM_Book_9,gray coral self help book,book,"0.0153,0.2519,0.2947"
19_SM_Box,white cubic storage box,box,"0.3067,0.3067,0.3000"
19_SM_Ceiling_Lamp_3,white frosted globe pendant,lamp,"1.6156,0.2943,1.4252"
19_SM_Chair_2,light wood bar stool,stool,"0.6089,0.5887,0.8312"
19_SM_Cloth_3,reddish brown wooden hanger,hanger,"0.6092,0.1595,0.8393"
19_SM_Coffee_Table,round wooden coffee table,table,"0.7491,0.7491,0.4472"
19_SM_Fridge,white rounded refrigerator,refrigerator,"0.7560,0.7314,1.7245"
19_SM_Kitchen_Decor_16,white plastic bottle,bottle,"0.0837,0.0836,0.2825"
19_SM_Kitchen_Decor_22,white ceramic plates,plate,"0.2005,0.2005,0.0687"
19_SM_Kitchen_Decor_25,white ceramic pepper mill,mill,"0.0429,0.0429,0.1690"
19_SM_Kitchen_Decor_26,dark gray wooden pepper mill,mill,"0.0429,0.0429,0.1690"
19_SM_Kitchen_Decor_27,white ceramic mortar,mortar,"0.0929,0.0827,0.1088"
19_SM_Kitchen_Decor_6,frosted white wine glass,glass,"0.0932,0.0932,0.1398"
19_SM_Kitchen_Decor_7,frosted glass tumbler,tumbler,"0.0991,0.0991,0.1810"
19_SM_Mouse,sleek gray wireless mouse,mouse,"0.0700,0.1150,0.0360"
19_SM_Sink,white modern sink,sink,"0.9046,0.6177,0.7058"
19_SM_TV_Table,light wood tv cabinet,cabinet,"2.6000,0.5000,0.5288"
19_SM_Window,white glass window frame,frame,"2.2000,0.1946,2.1500"
2_barrel1,weathered red metal drum,drum,"0.5572,0.5571,0.9144"
2_barrelWater,blue plastic barrel,barrel,"0.5291,0.5291,1.0487"
2_box1,natural wood crate,crate,"0.8293,1.4330,1.0044"
2_FireExtinguisher,weathered red fire extinguisher,fire,"0.1883,0.3331,0.6350"
2_garbageBag2,black plastic garbage bag,bag,"0.5225,0.6326,0.9228"
2_gasCylinder,weathered white gas cylinder,cylinder,"0.3578,0.3578,0.7023"
2_gasCylinderLong,weathered white gas cylinder,cylinder,"0.2226,0.2226,1.7082"
2_tire1,black rubber tire,tire,"0.9036,0.9036,0.3036"
2_waterCan,blue translucent water jug,jug,"0.3898,0.3898,0.7191"
20_SM_Bowl_with_Oranges,white bowl fruit snacks,bowl,"0.2536,0.2527,0.1464"
20_SM_Chair,light gray upholstered chair,chair,"0.4823,0.5800,0.8316"
20_SM_Coffee_table,light gray wood coffee table,table,"1.1400,0.8000,0.4110"
20_SM_Door_2,white panel door,door,"0.9985,0.0732,2.1406"
20_SM_Juice,creamy peach smoothie,drink,"0.0733,0.1643,0.1902"
20_SM_Kitchen_Decor_10,green textured ceramic pot,pot,"0.2294,0.1774,0.2241"
20_SM_Kitchen_Decor_15,gray cylindrical kettle,kettle,"0.1571,0.1130,0.1704"
20_SM_Kitchen_Decor_20,gray ceramic bowl,bowl,"0.1627,0.1627,0.1409"
20_SM_Kitchen_Decor_3,white ceramic pitcher,pitcher,"0.1981,0.1694,0.2271"
20_SM_Kitchen_Decor_4,white ceramic teapot,teapot,"0.1848,0.3078,0.1502"
20_SM_Kitchen_Decor_5,white porcelain teapot,teapot,"0.1809,0.1375,0.1736"
20_SM_Power_socket,white european wall outlet,outlet,"0.2795,0.0382,0.1008"
20_SM_Remote,gray colorful remote control,remote,"0.0663,0.2650,0.0251"
20_SM_Sink,stainless steel double bowl sink,sink,"0.7237,0.4942,0.5647"
20_SM_Sofa,light gray tufted sofa,sofa,"2.2696,0.9354,0.8325"
20_SM_Table,light wood aframe table,table,"1.7298,0.9093,0.7728"
20_SM_TV_Stand,gray wood tv cabinet,cabinet,"2.3000,0.3988,0.6500"
20_SM_Wardrobe,gray wooden storage locker,locker,"1.3000,0.3500,2.7000"
21_SM_Camera_NN_01a,white gray vintage camera,camera,"0.1589,0.0508,0.0898"
21_SM_Camera_NN_01ah,dark brown audio cassette,cassette,"0.1378,0.1889,0.0354"
21_SM_Camera_NN_01b,silver black film camera,camera,"0.1589,0.1745,0.0902"
21_SM_Map_Calendar_01d,pink floral wall calendar,calendar,"0.3000,0.0495,0.5329"
21_SM_Map_Calendar_01e,underwater spiral wall calendar,calendar,"0.3000,0.0495,0.5329"
21_SM_Map_Calendar_01h,black white newspaper stack,stack,"0.2622,0.2085,0.0602"
21_SM_Office_Chair_01a,gray swivel office chair,chair,"0.6082,0.6326,0.8849"
21_SM_Outerwear_NN_01a,beige hooded coat,coat,"0.5230,0.2032,1.1989"
21_SM_PC_01ad,gray rectangular iec c,cabinet,"0.0191,0.0752,0.0260"
21_SM_PC_01ae,gray cylindrical electrical plug,plug,"0.0229,0.0594,0.0229"
21_SM_PC_01af,white plastic l shaped connector,connector,"0.0308,0.0519,0.0146"
21_SM_PC_01ag,gray black electrical connector,connector,"0.0308,0.0513,0.0146"
21_SM_PC_01ah,white plastic electrical plug,plug,"0.0176,0.0595,0.0176"
21_SM_PC_01t,dark gray hinged box,cabinet,"0.1142,0.1909,0.1069"
21_SM_PC_01z,blue gray orange floppy disk,disk,"0.0900,0.0948,0.0045"
21_SM_PC_NN_01a,vintage beige desktop tower,desktop,"0.3731,0.3398,0.1144"
21_SM_PC_NN_01ab,gray white red floppy disk,disk,"0.0900,0.0948,0.0045"
21_SM_PC_NN_01c,flat white network switch,switch,"0.3601,0.3409,0.0497"
21_SM_PC_NN_01d,gray green crt monitor,monitor,"0.3397,0.4071,0.3326"
21_SM_PC_NN_01f,light gray wired keyboard,keyboard,"0.3666,0.0237,0.2535"
21_SM_PC_NN_01g,light gray compact keyboard,keyboard,"0.3646,0.0226,0.1775"
21_SM_PC_NN_01n,light gray power strip,strip,"0.1004,0.3270,0.0336"
21_SM_Picture_Frames_01b,black wooden picture frame,frame,"0.6139,0.0268,0.4485"
21_SM_Stationery_01ay,white printed table layout,table,"0.2100,0.2970,0.0010"
21_SM_Stationery_01d,white teal gray folder,folder,"0.6259,0.3333,0.0839"
21_SM_Stationery_01e,teal green paper folders,folder,"0.6360,0.3331,0.0822"
21_SM_Stationery_01g,tan manila folder,folder,"0.2446,0.3353,0.0247"
21_SM_Stationery_01h,wooden metal cutting board,cuttingboard,"0.2402,0.0127,0.3334"
21_SM_Stationery_01i,beige cardboard folder,folder,"0.1550,0.0253,0.2188"
21_SM_Stationery_01k,beige cardboard folder,folder,"0.1550,0.2134,0.0253"
21_SM_Stationery_01m,manila folder with papers,folder,"0.2982,0.2356,0.0678"
21_SM_Stationery_01o,gray circular pen holder,holder,"0.0884,0.0884,0.1460"
21_SM_Stationery_01p,gray embossed pen holder,holder,"0.0884,0.0989,0.2016"
21_SM_Stationery_01q,white rectangular pen holder,holder,"0.0955,0.0982,0.2035"
21_SM_Stationery_01r,beige rectangular pen holder,holder,"0.0884,0.0884,0.1560"
21_SM_Stationery_01t,blue transparent ballpoint pen,pen,"0.0075,0.1431,0.0096"
21_SM_Stationery_01u,white plastic pen,pen,"0.0096,0.1431,0.0075"
21_SM_Stationery_01v,pink wooden pencil,pencil,"0.0063,0.1833,0.0073"
21_SM_Stationery_NN_01a,teal green ring binder,binder,"0.0876,0.2862,0.3262"
21_SM_Stationery_NN_01ae,gray metal paper clip,clip,"0.0135,0.0411,0.0036"
21_SM_Tanker_Desk_NN_01i,beige plastic key,key,"0.0237,0.0635,0.0228"
21_SM_Tanker_Desk_NN_01j,beige wooden desk,desk,"1.5244,0.7765,0.7341"
21_SM_Utility_Storage_01v,red white plastic cooler box,box,"0.3988,0.3070,0.3964"
21_SM_Utility_Storage_NN_01g,gray metal filing cabinet,cabinet,"0.3131,0.4773,1.0394"
21_SM_Utility_Storage_NN_01k,gray metal filing cabinet,cabinet,"0.3127,0.4794,0.7952"
21_SM_Water_Cooler_NN_01a,gray large top loading water dispenser,dispenser,"0.4773,0.3808,1.3405"
21_SM_Water_Cooler_NN_01b,gray textured water dispenser,dispenser,"0.4049,0.3409,1.0541"
21_SM_Water_Cooler_NN_01d,light gray fabric water dispenser,dispenser,"0.2812,0.2826,0.4990"
22_SM_Bench_Padded_NN_01a,yellow geometric sofa,sofa,"1.9022,0.6694,0.8352"
22_SM_Bench_Wooden_01a,rustic wooden park bench,bench,"2.0959,0.6581,1.3017"
22_SM_Dumpster_Large_01a,blue gray metal dumpster,dumpster,"3.6592,2.3053,1.2572"
22_SM_Food_Stall_Sacks_NN_01a,beige burlap sack,sack,"0.5591,0.5272,0.6592"
22_SM_Food_Stall_Sacks_NN_01h,beige burlap sack,sack,"0.5792,0.5380,0.6949"
22_SM_Food_Stall_Sacks_NN_01m,light brown burlap sack,sack,"0.5833,0.5249,0.5376"
22_SM_Hydrant_Set_01a,weathered red fire hydrant,hydrant,"0.6238,0.5363,1.0277"
22_SM_Moroccan_Table_01a,ornate painted hexagonal table,table,"0.3979,0.3446,0.4244"
22_SM_Post_Boxes_01d,weathered blue post box,mailbox,"0.5101,0.5101,1.1495"
22_SM_Post_Boxes_NN_01d,weathered red cylindrical post box,postbox,"0.5130,0.5147,1.1506"
22_SM_Public_Telephone_01a,weathered concrete telephone booth,booth,"1.5432,1.2989,2.7491"
22_SM_Rug_Stacked_01a,earth toned folded fabric,fabric,"0.5921,0.5221,0.1355"
22_SM_Rug_Stacked_01b,earth toned woven fabric,rug,"0.6109,0.5464,0.1587"
22_SM_Rug_Stacked_01c,earth tone ornate tapestry blanket,blanket,"0.5710,0.6105,0.2252"
22_SM_Rug_Stacked_01g,vintage fabric rug,rug,"0.5720,0.5423,0.0631"
22_SM_Rug_Stacked_01h,gray tan geometric blanket,blanket,"0.5076,0.4906,0.0775"
22_SM_Rugs_Hanging_01b,burgundy geometric rug,rug,"0.5918,0.9443,0.0755"
22_SM_Stalls_Overhang_Market_01a,gray fabric canopy,bed,"3.6093,2.8095,2.9101"
22_SM_Stalls_Overhang_Market_NN_01a,brown fabric canopy,bed,"3.6139,2.8212,2.9244"
22_SM_Street_Vendor_Cart_NN_01a,wooden tiered food cart,cart,"1.9344,0.6223,1.9414"
22_SM_Street_Vendor_Cart_NN_01c,white textured bowl,bowl,"0.4085,0.4081,0.2302"
22_SM_Street_Vendor_Cart_NN_01d,white bowl filled with dark purple roasted beets with stems,bowl,"0.2853,0.2821,0.1696"
22_SM_Street_Vendor_Cart_NN_01i,gray egg tray,tray,"0.4456,0.2381,0.1308"
22_SM_Street_Vendor_Cart_NN_01m,white marble textured plates,plate,"0.2009,0.2008,0.0419"
22_SM_Street_Vendor_Cart_NN_01n,white translucent bowl,bowl,"0.1301,0.1302,0.0358"
22_SM_Street_Vendor_Cart_NN_02a,weathered white food cart,cart,"2.2423,0.9480,2.1357"
22_SM_Trash_Rolling_NN_01a,green wheeled trash bin,bin,"1.4175,1.1424,1.5132"
22_SM_Trash_Rolling_NN_01d,gray wheeled waste bin,bin,"1.7481,1.2998,1.4101"
23_SM_Light_Xmas_NN_01a,red bulb packaging box,box,"0.4818,0.3026,0.0720"
23_SM_Nutcrackers_NN_01a,traditional blue yellow gray nutcracker,nutcracker,"0.1576,0.1508,0.4602"
23_SM_Nutcrackers_NN_01b,traditional wooden nutcracker,nutcracker,"0.1443,0.1800,0.4658"
23_SM_Nutcrackers_NN_01c,gray wooden nutcracker,nutcracker,"0.1549,0.1768,0.4426"
23_SM_Nutcrackers_NN_01d,knitted red nutcracker,ornament,"0.1431,0.1298,0.4266"
23_SM_Standee_Plastic_Xmas_NN_11a,whimsical red hat elf,hat,"0.2128,0.1767,0.5224"
23_SM_Standee_Plastic_Xmas_NN_11b,terracotta carved angel figurine,figurine,"0.2322,0.1647,0.3598"
23_SM_Standee_Plastic_Xmas_NN_11c,olive green painted angel,statue,"0.2649,0.1738,0.3896"
23_SM_Standee_Plastic_Xmas_NN_11d,terracotta angel figurine,figurine,"0.2010,0.2172,0.3911"
23_SM_Xmas_Decor_NN_21a,brown wooden geometric deer,shelf,"0.6223,0.4673,1.0223"
23_SM_Xmas_Decor_NN_21c,green red evergreen wreath,wreath,"0.7563,0.3100,0.7638"
23_SM_Xmas_Gifts_NN_01a,red chevron gift box,box,"0.7027,0.4470,0.3357"
23_SM_Xmas_Gifts_NN_01b,beige candy cane gift box,box,"0.2903,0.2892,0.3568"
23_SM_Xmas_Gifts_NN_01c,beige snowflake gift box,box,"0.6368,0.4480,0.1661"
23_SM_Xmas_Gifts_NN_01d,green cylindrical gift box,box,"0.3088,0.3110,0.3606"
23_SM_Xmas_Gifts_NN_01e,dark floral gift box,box,"0.4081,0.4024,0.2458"
23_SM_Xmas_Gifts_NN_01f,green lidded gift box,box,"0.1754,0.1796,0.2752"
23_SM_Xmas_Gifts_NN_01g,white marble gift box,box,"0.1244,0.1240,0.1559"
23_SM_Xmas_Gifts_NN_01h,pastel floral gift box,box,"0.3056,1.0024,0.1908"
23_SM_Xmas_Gifts_NN_01i,red plaid gift box,box,"0.4720,0.4709,0.2769"
23_SM_Xmas_Gifts_NN_01j,turquoise golden cylindrical gift box,box,"0.1805,0.1795,0.5245"
23_SM_Xmas_Plastic_Standees_01a,coral pink ceramic santa,vase,"0.9501,0.9447,1.8108"
23_SM_Xmas_Plastic_Standees_01b,white snowman toy,toy,"0.6982,0.6990,1.4619"
23_SM_Xmas_Tree_NN_01b,gold star decorated tree,tree,"1.4175,1.5292,2.2318"
24_SM_Bank_Atm_Machine_15a,gray wall mounted atm machine,atm,"1.1077,0.2397,1.6626"
24_SM_Bank_Set_01b,gray black silver sign,sign,"0.3515,0.2480,1.4030"
24_SM_Bank_Set_01d,gray gooseneck desktop,desk,"0.3426,0.2600,0.4118"
24_SM_Banker_Set_66a,beige digital scale,scale,"0.3973,0.7717,0.1975"
24_SM_Banker_Set_66b,beige digital bill counter,counter,"0.4613,0.6746,0.4091"
24_SM_Banker_Set_66c,beige vintage computer terminal,terminal,"0.4393,0.7952,0.2479"
24_SM_Banker_Set_66d,beige vintage electric typewriter,typewriter,"0.5872,0.9550,0.4346"
24_SM_Chair_Table_Set_66b,dark gray leather office chair,chair,"0.7828,0.8355,1.1541"
24_SM_Chairs_Bank_Waiting_01e,brown upholstered bench,bench,"3.6051,0.7764,0.9688"
24_SM_Chairs_Bank_Waiting_NN_01a,brown fabric armchair,chair,"0.8397,0.7785,0.9776"
24_SM_Display_Poster_01a,green framed billboard,billboard,"1.6000,0.1500,2.3128"
24_SM_Outdoor_Ashtray_Set_01a,speckled gray concrete ashtray,ashtray,"0.4414,0.4414,0.7552"
24_SM_Plant_Fake_NN_51a,white ribbed ceramic planter,planter,"0.3784,0.2960,0.5645"
24_SM_Safe_Vault_01e,white storage locker,locker,"1.2192,0.9427,1.8705"
24_SM_Safe_Vault_02c,white open storage unit,cabinet,"1.2072,0.6715,1.6929"
24_SM_Safe_Vault_NN_02a,gray metal security cabinet,cabinet,"1.2081,0.6838,1.6953"
24_SM_Table_Check_Bank_01b,gray modern desk,desk,"2.5000,0.8000,1.1212"
25_SM_Cords_Wires_NN_01c,beige fabric cable,cable,"0.1660,0.7772,0.0789"
25_SM_Cords_Wires_NN_01e,beige coiled cable,cable,"0.2966,0.5493,0.0843"
25_SM_Cords_Wires_NN_01f,gray twisted cable,cable,"0.2397,0.0693,0.9878"
25_SM_Cords_Wires_NN_01h,dark gray coiled cable,cable,"0.7303,0.3569,0.0478"
25_SM_Cords_Wires_NN_01i,gray plastic cable,cable,"0.4766,0.3281,0.0730"
25_SM_Cords_Wires_NN_01j,gray coiled power cable,cable,"0.8233,0.3910,0.1229"
25_SM_Cords_Wires_NN_01k,brown rubber cable,cable,"0.7401,0.3899,0.1150"
25_SM_Cords_Wires_NN_01l,gray coiled cable,cable,"1.3805,0.4129,0.0714"
25_SM_Cords_Wires_NN_01m,reddish brown cable,cable,"1.0650,0.3393,0.1095"
25_SM_Electronics_88a,vintage gray brick style phone,phone,"0.0602,0.1117,0.5191"
25_SM_Electronics_88b,white gray electronic box,box,"0.1436,0.0796,0.0275"
25_SM_Electronics_88c,gray silver crt television,television,"0.3248,0.3674,0.4220"
25_SM_Electronics_88d,gray black vintage cassette tape recorder,recorder,"0.1791,0.3248,0.0640"
25_SM_Radio_Set_17a,gray fabric vintage radio,radio,"0.4498,0.3228,0.2456"
25_SM_Radio_Set_17b,vintage brown woven radio,radio,"0.4049,0.2595,0.1909"
25_SM_Radio_Set_17c,vintage brown radio,radio,"0.4392,0.1926,0.2610"
25_SM_Radio_Set_17d,vintage wooden radio,shelf,"0.6122,0.3895,0.3293"
25_SM_Repair_Shop_Tools_NN_01a,teal gray metal soldering station,station,"0.1842,0.2729,0.1752"
25_SM_Television_Repair_NN_01a,beige retro television,tv,"0.8035,0.6032,0.5245"
25_SM_Vacuum_Cleaner_51a,gray white upright vacuum cleaner,vacuum,"0.2569,0.2710,1.3133"
25_SM_Vacuum_Cleaner_51b,coral pink upright vacuum,vacuum,"0.6690,0.6824,1.1406"
25_SM_Vacuum_Cleaner_NN_51a,gray transparent vacuum cleaner,vacuum,"0.2569,0.2723,1.3143"
25_SM_Vacuum_Cleaner_NN_51b,olive green wheeled vacuum,vacuum,"0.6899,0.6685,1.1444"
25_SM_Vacuum_Cleaners_11d,gray blue dome pool vacuum,vacuum,"1.0409,0.9294,0.6241"
25_SM_Vacuum_Cleaners_NN_11c,gray white upright vacuum,vacuum,"0.5167,0.6141,1.4867"
25_SM_Vacuums_18b,orange gray vacuum cleaner,vacuum,"0.3101,0.3215,1.1540"
26_WhiteBoard_01,gray sticky note board,board,"2.5004,0.1707,1.2923"
26_WhiteBoard_02,gray magnetic display board,board,"1.2798,0.0420,1.2810"
27_Dryer_01,white front load dryer,dryer,"0.8264,0.7364,1.0982"
28_Washer_01,beige top loading washing machine,washer,"0.8264,0.7350,1.0982"
29_Sign_1_13,green paper yard sale sign,sign,"0.4246,0.0521,0.5483"
29_Sign_1_14,white handwritten billboard,billboard,"0.5266,0.0145,0.3640"
3_Calculator,gray light gray greenish calculator,calculator,"0.1672,0.2097,0.0330"
3_Chair1,gray textured stackable chair,chair,"0.6709,0.6650,1.0500"
3_Chair2,dark fabric office chair,chair,"0.8209,0.7960,1.2334"
3_Chair3,gray highback office chair,chair,"0.8209,0.7808,1.2954"
3_CopierMFP,dark gray office printer,printer,"0.6348,1.3071,1.2871"
3_Cup1,white plastic disposable cup,cup,"0.0795,0.0795,0.1120"
3_Cup2,beige matte paper cup,cup,"0.0615,0.0615,0.0997"
3_FeltPen,gray light blue marker pen,pen,"0.0186,0.1910,0.0186"
3_Keyboard,beige vintage computer keyboard,keyboard,"0.4660,0.1509,0.0230"
3_Monitor1,dark gray circular monitor,monitor,"0.5833,0.1926,0.4836"
3_Mouse,white matte wireless mouse,mouse,"0.0529,0.1133,0.0285"
3_NegotiationTable,walnut glass conference table,table,"1.9410,5.0713,1.0253"
3_PaperBox,taupe wooden storage box,box,"0.4778,0.3345,0.2339"
3_PaperBoxCap,brown smooth cardboard box,box,"0.4913,0.3439,0.0355"
3_PC,beige desktop computer tower,tower,"0.2009,0.4220,0.4382"
3_Pencil,pink wooden pencil,pencil,"0.0118,0.2097,0.0118"
3_Phone,gray numeric office phone,phone,"0.3057,0.3326,0.0971"
3_Tablet,natural wood clipboard,clipboard,"0.2587,0.3728,0.0229"
3_WaterCooler,gray blue water dispenser,dispenser,"0.3827,0.4099,1.1061"
30_Sign_2_2,weathered red billboard,sign,"2.0324,0.3267,0.5142"
30_Sign_2_4,dark gray neon sign,sign,"0.7338,0.1057,0.4538"
31_Sign_3_1,pink yellow sale closing poster,poster,"0.4854,0.0139,0.8006"
31_Sign_3_13,pink white billboard,billboard,"1.0854,0.0149,0.5545"
31_Sign_3_2,two toned billboard sign,sign,"0.5192,0.0099,0.7904"
31_Sign_3_3,white red billboard,billboard,"1.3432,0.0064,0.3064"
31_Sign_3_4,pink yellow sale billboard,billboard,"0.5947,0.0090,0.6784"
31_Sign_3_6,pink white billboard,billboard,"1.0500,0.0140,0.3043"
34_RollingShelf_01,white metal rolling cart,cart,"1.1416,0.6416,1.7000"
34_RollingShelf_02,white plastic storage rack,rack,"1.1416,0.6416,1.7000"
35_ShippingBox_02,brown cardboard package,package,"0.2063,0.1500,0.1019"
35_ShippingBox_04,brown cardboard box,box,"0.5425,0.3122,0.2368"
35_ShippingBox_05,brown cardboard box,box,"0.5620,0.5149,0.4023"
36_ToolSet_01,gray translucent claw hammer,hammer,"0.2856,0.1145,0.0254"
36_ToolSet_02,worn gray screwdriver,tool,"0.0257,0.1232,0.0263"
36_ToolSet_03,gray metallic drill bit,drill,"0.0237,0.1250,0.0237"
36_ToolSet_05,gray rubber screwdriver,tool,"0.1936,0.0254,0.0249"
36_ToolSet_09,yellow rubber pliers,pliers,"0.1914,0.0600,0.0161"
36_ToolSet_11,gray metal multi tool,tool,"0.0622,0.0580,0.0075"
37_File_Cabinent_01,gray metal filing cabinet,cabinet,"0.4000,0.5418,1.5821"
37_File_Cabinent_02,gray metal filing cabinet,cabinet,"0.4000,0.5418,1.0371"
37_File_Cabinent_03,gray metal filing cabinet,cabinet,"0.4000,0.5418,0.6741"
37_File_Cabinent_04,gray open front file cabinet,cabinet,"0.4000,0.5098,1.5821"
39_MotelBed_01,light gray wooden bed,bed,"2.2009,2.2747,1.0678"
39_MotelBed_Pillow_03,gray textured cushion,cushion,"0.7394,0.4563,0.1588"
4_SM_Chair01,dark green padded folding chair,chair,"0.4741,0.5478,1.0366"
4_SM_Door2_1,sage green wooden door,door,"1.1002,0.2871,2.1086"
4_SM_Dryer01_3,gray white dryer,dryer,"0.7363,0.6898,1.0512"
4_SM_FireAlarm01,red white fire alarm button,button,"0.1568,0.1073,0.1568"
4_SM_LaundryBasket1_01,dark plastic basket,basket,"0.8195,0.5188,0.4012"
4_SM_LaundryBasket1_02,gray woven plastic basket,basket,"0.8530,0.5188,0.4605"
4_SM_LinenTrolley01,gray metal wire basket,basket,"0.5791,1.0730,0.8463"
4_SM_Trash1_1,light blue crumpled cloth,cloth,"0.2473,0.1298,0.0190"
4_SM_Trash1_2,clear plastic pouch,pouch,"0.1057,0.1239,0.0224"
4_SM_Trash1_3,crushed soda can,trash,"0.1973,0.1146,0.0310"
4_SM_Trash1_4,green white paper scraps,trash,"0.2051,0.2018,0.0205"
4_SM_Ventilation1_25,gray plastic elbow pipe,pipe,"1.2303,1.2303,0.4612"
4_SM_Ventilation1_28,metallic gray hexagonal pipe,pipe,"0.4127,0.4611,0.4611"
4_SM_Ventilation1_7,gray perforated silencer,silencer,"0.9223,1.9995,0.9223"
4_SM_Ventilation1_9,gray perforated pipe elbow,elbow,"1.4609,1.4609,0.9224"
4_SM_Washer1_03,gray white washing machine,washer,"0.7363,0.6898,1.0512"
4_SM_WashingPowder1_05,blue red gradient detergent bottle,bottle,"0.2531,0.1704,0.4400"
4_SM_WashingPowder1_06,blue gradient detergent bag,bag,"0.2531,0.1704,0.4400"
4_SM_WashingPowder1_07,green plastic detergent jug,jug,"0.2717,0.1734,0.4130"
4_SM_WashingPowder1_08,blue plastic l gel bottle,bottle,"0.2717,0.1734,0.4130"
4_SM_Windows04_1,dark gray glass window,window,"1.0608,0.0672,1.5503"
40_CoffeeMaker,white glass coffee maker,coffee,"0.2171,0.2338,0.3117"
41_ComputerSet_03,dark gray flat screen monitor,monitor,"0.4798,0.1976,0.4446"
41_ComputerSet_04,gray qwerty keyboard,keyboard,"0.5067,0.1681,0.0343"
41_ComputerSet_06,gray pink wireless mouse,mouse,"0.0687,0.1297,0.0327"
42_ShopShelving_06_2,weathered gray metal locker,locker,"0.5000,0.5325,0.8000"
42_ShopShelving_18_2,gray metal workbench,workbench,"2.0000,0.7044,1.1145"
43_bathset01,gray square shower system,shower,"0.3739,0.5971,1.2380"
43_dentalchair01,beige padded stool,stool,"0.4639,0.4102,0.5040"
43_dentistchair01,gray fabric office chair,chair,"0.6914,0.7184,1.2063"
43_electricguitar01,coral pink electric guitar,guitar,"0.3513,0.1563,1.0798"
43_electricguitar02,dark gray tripod guitar stand,stand,"0.5780,0.4192,0.8441"
43_emptybox01,rustic wooden crate,crate,"0.2404,0.1536,0.0640"
43_filebox01,brown cardboard storage box,box,"0.2995,0.4586,0.2461"
43_filebox03,gray cardboard storage box,box,"0.3626,0.5335,0.2543"
43_filebox04,sage green cardboard magazine holder,holder,"0.3203,0.1185,0.4016"
43_foodset01,white salt box,box,"0.0334,0.0267,0.0849"
43_FruitBasket,white ceramic fruit bowl,bowl,"0.2406,0.2285,0.1299"
43_kitchenset01,gray wooden kitchen unit,cabinet,"2.2000,0.6040,2.3000"
43_microwave01,white textured microwave,microwave,"0.4150,0.3012,0.2468"
43_outsidechair01,gray metal folding chair,chair,"0.4227,0.5638,0.8586"
43_penbox01,gray textured pen holder,holder,"0.1036,0.1068,0.1524"
43_plate01,light gray flat plate,plate,"0.1595,0.1595,0.0199"
43_potlid01,beige stone pot lid,pot,"0.2949,0.2949,0.0888"
43_spoon01,silver gray metallic spoon,spoon,"0.0334,0.1503,0.0086"
43_suitcase01,olive green vintage suitcase,suitcase,"0.6938,0.2392,0.5679"
43_teacupset01,white porcelain teacup,cup,"0.1490,0.1554,0.0704"
43_teacupset02,white porcelain tea set,set,"0.4676,0.2718,0.1790"
43_TrashCan01,weathered galvanized trash can,can,"0.6511,0.5524,0.9062"
43_TrashCanLid01,gray metal trash can,can,"0.5553,0.5553,0.1149"
44_sk1_BunkBed01,pink white bunk bed,bed,"2.1415,1.5285,2.0929"
44_sk10_Ladder01,silver aluminum step ladder,ladder,"1.1065,0.3772,2.0316"
44_sk100_Trumpet01,polished brass trumpet,vase,"0.4656,1.3458,0.3201"
44_sk101_Trumpet02,beige brass trumpet,vase,"0.4378,1.3488,0.3509"
44_sk102_WoodStack01,natural wood cylindrical dowels,dowel,"3.4317,0.9949,0.5861"
44_sk103_Mouse01,sleek gray wireless mouse,mouse,"0.0625,0.1113,0.0359"
44_sk104_Mouse02,gray textured gaming mouse,mouse,"0.0617,0.1160,0.0348"
44_sk11_VendingMachine03,gray vertical vending machine,machine,"1.1938,0.9316,1.9800"
44_sk111_Mixer01,red stainless steel stand mixer,mixer,"0.1855,0.3200,0.3185"
44_sk112_ToiletPaper01,white embossed toilet paper roll,roll,"0.1086,0.1103,0.0980"
44_sk113_WoodSpoon01,natural wooden soup spoon,spoon,"0.0396,0.2002,0.0127"
44_sk114_VendingMachine05,beige weathered vending machine,machine,"0.9518,0.7247,1.7794"
44_sk115_CerealBox01,brown cream cereal box,box,"0.1380,0.0357,0.1970"
44_sk116_CerealBox02,light blue cereal box,box,"0.1371,0.0391,0.2094"
44_sk117_JuiceBox01,tropical fruit juice carton,carton,"0.0293,0.0254,0.0853"
44_sk118_WineGlass01,clear glass wine glass,glass,"0.0449,0.0449,0.1151"
44_sk12_Radio02,dark gray portable radio,radio,"0.2551,0.0758,0.2277"
44_sk13_WashBasinStand01,white wood vanity,vanity,"0.6506,0.5817,0.8524"
44_sk14_CasinoTable01,black framed craps table,table,"2.9220,1.6339,0.9871"
44_sk15_KidEasel01,wooden dual paper children s easel,easel,"0.6070,0.7581,1.2807"
44_sk16_RockingHorse01,white natural wood rocking horse,horse,"0.8175,0.3728,0.6026"
44_sk17_UnitBlocks01,natural wooden building blocks,block,"0.2428,0.2125,0.1742"
44_sk18_UnitBlocks02,natural wood building blocks,block,"0.2245,0.2174,0.2421"
44_sk19_Xylophone01,rainbow wooden xylophone,xylophone,"0.2881,0.0783,0.0132"
44_sk2_PCCase01,dark gray metal tower case,cabinet,"0.2184,0.4955,0.5487"
44_sk20_MR01,gray neon monitor,monitor,"0.8631,0.3260,0.6016"
44_sk22_KeyBoard01,rgb gradient gaming keyboard,keyboard,"0.3744,0.1098,0.0311"
44_sk23_GamingChair01,black red gaming chair,chair,"0.7923,0.7102,1.2735"
44_sk24_PCCase02,gray mesh pc tower,tower,"0.2484,0.5210,0.5904"
44_sk25_PCCase03,dark gray mesh pc tower,tower,"0.2843,0.5311,0.6025"
44_sk26_PCCase04,black purple lit tower case,case,"0.2746,0.6308,0.5878"
44_sk27_KitchenTool01,brown wooden utensil rack,rack,"0.4644,0.0633,0.3514"
44_sk28_WashingMachine01,greyish white glass washing machine,machine,"0.7478,1.0933,0.9964"
44_sk29_Violin01,reddish brown wooden violin,violin,"0.4065,0.1937,1.1537"
44_sk3_PCSpeaker01,black led tower speaker,speaker,"0.1308,0.1286,0.3190"
44_sk30_SmokingPipe01,dark brown wooden pipe,pipe,"0.0427,0.1358,0.0773"
44_sk31_LeatherBag01,weathered brown leather bag,bag,"0.7539,0.3045,0.3551"
44_sk32_VendingMachine04,burgundy white vending machine,machine,"0.9518,0.7247,1.7794"
44_sk33_PowerStrip01,white power strip,strip,"0.4810,0.1675,0.0384"
44_sk34_BarChair01,dark gray upholstered bar stool,stool,"0.4786,0.4722,1.0961"
44_sk35_Tomato01,ripe red tomato,fruit,"0.0845,0.0820,0.0748"
44_sk36_Oven01,black marble gas range,range,"0.4724,0.3708,0.5039"
44_sk37_Stapler01,black metal stapler,stapler,"0.1776,0.0519,0.0565"
44_sk38_FileRack01,tall wooden file rack,rack,"0.4705,0.3655,1.4483"
44_sk39_Bike01,vintage burgundy bicycle,bike,"0.5404,1.6908,0.9556"
44_sk4_DrawBrush01,white bristled paintbrush,brush,"0.0651,0.2059,0.0275"
44_sk40_Soap01,white wooden dish,dish,"0.1529,0.1051,0.0299"
44_sk41_Sofa01,gray velvet armchair,chair,"0.8276,0.8656,0.5757"
44_sk42_WineCabinet01,dark wood storage cabinet,cabinet,"2.1211,0.7338,1.9457"
44_sk43_WineCabinet02,dark frosted storage cabinet,cabinet,"1.4167,0.7327,2.1164"
44_sk44_BunkBed02,light wood bunk bed,bed,"2.1187,1.7607,2.1112"
44_sk45_WineCabinet03,dark wood wine cabinet,cabinet,"1.0487,0.7719,2.0019"
44_sk46_BunkBed03,light wood bunk bed,bed,"2.1037,2.0169,1.6172"
44_sk47_BunkBed04,light wood bunk bed,bed,"2.3782,1.0116,1.6304"
44_sk48_Bread01,golden brown braided loaf,basket,"0.3334,0.1924,0.0614"
44_sk49_CoffeeMaker01,gray octagonal moka pot,pot,"0.2571,0.4428,0.5470"
44_sk5_Phone01,burgundy wood telephone,desk,"0.4305,0.2501,0.2999"
44_sk50_CatScratchingPost01,gray wooden cat tree,shelf,"0.7993,0.5336,0.9796"
44_sk51_TissueBox01,wooden carved tissue box,box,"0.1235,0.1069,0.1246"
44_sk52_ShoeRack01,natural wood shoe rack,rack,"0.8720,0.3161,0.6540"
44_sk53_Toaster01,white tefal toaster,toaster,"0.3564,0.1854,0.2326"
44_sk54_ToyCar01,natural wooden toy car,toy,"1.7104,0.6592,0.8485"
44_sk55_Bike02,dark gray balance bike,bike,"1.1497,0.4894,0.6796"
44_sk56_FoldedTowel01,blue white striped towel,towel,"0.3400,0.2763,0.0340"
44_sk57_Guitar01,natural wood acoustic guitar,guitar,"0.3331,0.9618,0.1081"
44_sk58_Wardrobe01,light gray sliding wardrobe,wardrobe,"3.4740,0.5177,2.1851"
44_sk59_AirPurifier01,white portable air conditioner,air,"0.4424,0.3940,0.7871"
44_sk6_VendingMachine01,weathered orange vending machine,machine,"1.0846,0.7997,2.0607"
44_sk60_WaterMelon01,green striped watermelon,watermelon,"0.3391,0.2457,0.2456"
44_sk61_WineRack01,gray metal wine rack,rack,"0.3625,0.3818,0.4770"
44_sk62_PrinterMachine01,light gray all in one printer,printer,"0.3760,0.4152,0.2397"
44_sk63_BarCart01,walnut wood cart,cart,"0.9717,0.6079,1.0607"
44_sk64_HairDryer01,black pink hair dryer,hairdryer,"0.3392,0.1472,0.0660"
44_sk65_PlateSandwitches01,blue white plate,plate,"0.3014,0.3014,0.0410"
44_sk66_Breakfast01,white bread round wooden board,board,"0.3034,0.3034,0.0644"
44_sk68_Faucet01,sleek silver bathroom faucet,faucet,"0.0163,0.0559,0.0909"
44_sk69_TowelRack01,black metal towel rack,rack,"0.4022,0.0419,0.1560"
44_sk7_VendingMachine02,weathered gray vending machine,machine,"1.3555,0.9693,2.4090"
44_sk70_SlotMachine01,colorful fruit slot machine,machine,"0.8216,0.7796,2.0003"
44_sk71_SlotMachine02,gray blue slot machine,slot,"0.8766,1.1252,1.9872"
44_sk72_SlotMachine03,gray blue slot machine,slot,"0.7906,0.7842,1.9080"
44_sk73_Poker01,red back playing card,card,"0.1899,0.2386,0.0054"
44_sk74_CasinoChips01,colorful casino poker chips,chip,"0.1684,0.1201,0.0713"
44_sk75_CasinoTable02,salmon felt gaming table,table,"2.9220,1.6339,1.2344"
44_sk75_CasinoTable03,blue printed oval table,table,"2.9220,1.6339,0.9871"
44_sk75_CasinoTable04,blue patterned gaming table,table,"2.9220,1.6339,1.2344"
44_sk78_RaceTrack01,black red white slot car track,track,"1.1939,1.0864,0.0401"
44_sk79_RaceTrack02,dark brown wooden ampersand,lamp,"0.6017,0.5463,0.1523"
44_sk8_Projector01,light gray desktop projector,desk,"0.2903,0.2274,0.1038"
44_sk80_UnitBlock03,natural wooden block tower,tower,"0.2108,0.1158,0.1128"
44_sk81_UnitBlock04,natural wood building blocks,block,"0.2444,0.0350,0.1601"
44_sk82_KidCycle01,cream coral pink tricycle,tricycle,"0.6723,0.4103,0.4271"
44_sk83_ToyCar02,wooden toy car,toy,"0.2187,0.0757,0.0873"
44_sk84_ToyCar03,natural wood toy car,toy,"0.2307,0.1001,0.0964"
44_sk85_ToyCar04,vintage wooden car toy,toy,"0.2187,0.0951,0.1452"
44_sk86_ToyCar05,wooden toy race car,toy,"0.2065,0.0863,0.0653"
44_sk87_Projector02,dark gray compact projector,projector,"0.3524,0.2836,0.1131"
44_sk88_DentalChair01,gray modern dental chair,chair,"1.7778,2.1453,1.8553"
44_sk89_DentalChair02,teal upholstered dental chair,chair,"2.3212,1.0182,1.8557"
44_sk9_Radio01,dark gray vintage boombox,boombox,"0.5662,0.2180,0.3180"
44_sk90_MiniFridge01,walnut wood grain cooler,cooler,"0.4884,0.4676,0.7190"
44_sk91_HeadPhone01,light gray over ear headset,headset,"0.2018,0.1942,0.0800"
44_sk92_PCSpeaker02,dark gray speaker,speaker,"0.1397,0.1779,0.2396"
44_sk93_MusicSpeker01,dark gray angular speaker,speaker,"0.8453,0.6448,0.7329"
44_sk94_Bass01,dark grey electric guitar,guitar,"0.3773,0.1197,1.1966"
44_sk95_Guitar02,natural wooden guitar,guitar,"0.4653,0.1867,1.1980"
44_sk96_Bass02,brown sunburst electric guitar,guitar,"0.4145,0.0807,1.2008"
44_sk97_Bass03,natural wood bass guitar,guitar,"0.3244,0.0612,1.2000"
44_sk98_Piano01,matte black grand piano,piano,"1.6960,1.8124,1.1458"
44_sk99_ViolinBow01,dark brown wooden bow,bow,"0.0277,0.6646,0.0099"
44_uf105_Snack01,peach white label band,label,"0.1291,0.1909,0.0573"
44_uf106_Snack02,beige snack package,package,"0.1334,0.1988,0.0541"
44_uf107_Snack03,coral pink snack bag,bag,"0.1293,0.1738,0.0623"
44_uf108_Snack04,olive green pecan snack package,package,"0.1423,0.1609,0.0655"
44_uf109_Snack05,brown paper snack bag,bag,"0.0572,0.1754,0.0398"
44_uf110_Snack06,green oval snack pouch,pouch,"0.1407,0.1757,0.0678"
44_uf21_HospitalTable01,light wood file cabinet,cabinet,"0.5000,0.5295,0.9000"
45_Capet01,beige brown geometric carpet,rug,"2.4347,1.6074,0.0065"
45_Capet02,cream blue medallion carpet,rug,"2.0848,1.5490,0.0123"
45_Capet03,traditional beige medallion carpet,rug,"2.5515,1.8414,0.0034"
45_Capet04,black beige geometric carpet,rug,"2.8260,1.6160,0.0001"
45_Capet05,muted geometric patchwork carpet,rug,"2.4000,1.7000,0.0100"
45_SM_Rug_04a,muted brown braid rug,rug,"2.8792,1.6539,0.0187"
45_SM_Rug_05a,terracotta gray carpet,rug,"2.4192,1.6505,0.0316"
45_SM_Rug_06a,olive green carpet,rug,"1.8262,1.3872,0.0324"
45_SM_Rug_07a,blue round carpet,rug,"1.7968,1.8017,0.0430"
45_SM_Rug_Set_12a,green fringed carpet,rug,"2.2634,1.6536,0.0247"
45_SM_Rug_Set_13b,gray floral oval carpet,rug,"1.8579,1.2016,0.0099"
45_SM_Rug_Set_19a,brown floral carpet,rug,"2.8573,2.0028,0.0460"
45_SM_Rugs_03a,natural woven carpet,rug,"2.4917,1.6702,0.0564"
45_SM_Rugs_03b,beige floral carpet,rug,"2.3881,1.5953,0.0453"
45_SM_Rugs_03c,dark brown geometric carpet,rug,"2.5375,1.6981,0.0591"
46_Aircon01,weathered gray metal air conditioner,air,"2.1304,1.1454,0.9982"
46_MenuBoard01,chalkboard wooden menu,board,"1.2619,0.0319,0.8033"
46_PaintBottle01,blue spray paint can,can,"0.0609,0.0609,0.2120"
46_Suitcase01,brown leather suitcase,suitcase,"0.6617,0.5483,0.2444"
46_Table01,gray wood grain table,table,"1.5812,0.8110,0.5997"
46_TeaCupSet01,white porcelain tea set,set,"0.2093,0.2146,0.1014"
46_WelcomeSign01,dark wooden chalkboard,board,"0.5200,0.6585,1.0503"
46_WomanStatue01,bronze classical female figure,statue,"0.1569,0.1569,0.3583"
47_Bathtub01,white brass clawfoot tub,tub,"1.7480,0.7765,0.7788"
47_Book01,burgundy gold hardcover book,book,"0.2114,0.2782,0.0344"
47_Book02,dark green leather book,book,"0.2415,0.0540,0.3617"
47_Book03,dark brown leather book,book,"0.1897,0.2555,0.0372"
47_Shoe01,dark brown leather shoe,shoe,"0.1145,0.3065,0.1074"
47_wardrobe1,dark brown wooden wardrobe,wardrobe,"1.4666,0.6533,2.0750"
47_wardrobe2,perforated metal wardrobe,wardrobe,"1.2200,0.6233,2.0100"
47_wardrobe3,white glass wardrobe,wardrobe,"1.8269,0.6360,2.1904"
49_ChineseChess01,carved wooden chess set,set,"0.4400,0.4400,0.0534"
49_FoosballTable01,dark gray foosball table,table,"1.2460,1.4040,0.7740"
49_GameMachine01,black pink white arcade console,console,"0.7848,1.0585,1.6888"
49_LudoGame01,colorful quadrants ludo board,board,"0.8007,0.8007,0.0623"
49_MedicalCart,teal metal utility cart,cart,"1.0610,0.5330,1.0190"
49_SM_Babybed_01c,teal plastic bassinet,bassinet,"0.8833,0.5980,0.9427"
49_SM_CoffeeHeater_01a,gray industrial coffee machine,machine,"0.6090,0.5218,0.4971"
49_SM_CoffeeMachine_04a,gray commercial coffee machine,machine,"0.8646,0.6225,0.6524"
49_SM_CoffeMachine_01a,dark gray coffee machine,machine,"0.7095,0.4399,0.9702"
49_SM_ExamTable_01f,teal padded examination table,table,"1.5694,0.7053,1.1794"
49_SM_Fryer_02b,gray commercial deep fryer,fryer,"0.3491,0.4166,0.3027"
49_SM_Fryer_02c,gray commercial deep fryer,fryer,"0.6784,0.4166,0.3027"
49_SM_Fryer_02f,gray metal mesh frying basket,basket,"0.4894,0.2044,0.2367"
49_SM_Fryer_05d,gray black slow cooker,slow,"0.4931,0.4742,0.4291"
49_SM_Gurney_01a,silver gray metal gurney,gurney,"2.1794,0.7720,1.0217"
49_SM_Gurney_01b,burgundy padded stretcher,stretcher,"2.1794,0.7720,1.0411"
49_SM_HospitalBed_01a,blue beige hospital bed,bed,"2.5536,1.1066,1.2830"
49_SM_HospitalBed_02a,gray metal hospital bed,bed,"2.2139,1.0921,0.8909"
49_SM_IceCreamMachine_01a,white commercial ice cream machine,machine,"0.5787,0.6838,0.9119"
49_SM_InductionWok_01a,dark cast iron wok,wok,"0.5667,0.5723,0.3716"
49_SM_Juicer_01a,maroon transparent triple tank,tank,"0.7760,0.5527,0.7911"
49_SM_Juicer_02a,black fruit dispenser,dispenser,"0.3130,0.5628,0.9163"
49_SM_KitchenLight_01a,gray dome pendant chandelier,chandelier,"1.2252,0.3108,1.3298"
49_SM_MeatSlicer_01a,gray commercial meat slicer,slicer,"0.7673,0.5130,0.5686"
49_SM_MeatSpinner_01a,gray pink commercial meat spinner,spinner,"0.6368,0.6011,1.0103"
49_SM_Microwave_01a,white glass microwave,microwave,"0.7116,0.5124,0.4031"
49_SM_PastaMaker_01a,gray plastic pasta maker,maker,"0.4794,0.2627,0.2642"
49_SM_Register_01a,black touchscreen pos terminal,terminal,"0.6053,0.5556,0.7197"
49_SM_RiceCooker_01a,red electric rice cooker,cooker,"0.3529,0.2873,0.2814"
49_SM_SandwichPress_01a,industrial stainless steel press,press,"0.5800,0.5246,0.4429"
49_SM_SandwichPress_01b,stainless steel sandwich press,press,"0.5800,0.5300,0.2127"
49_SnookerTable01,dark wood pool table,table,"2.5279,1.4275,0.8307"
49_WoodenChessSet01,gray black chessboard,board,"0.4617,0.4617,0.1461"
5_Laptop_A_Close,silver gray laptop computer,computer,"0.3739,0.2463,0.0332"
5_Laptop_A_Open,silver gray laptop,laptop,"0.3739,0.3548,0.2325"
5_SM_Ashtray_A,white ceramic ashtray,ashtray,"0.1025,0.1019,0.0277"
5_SM_Calculator_A,dark gray calculator,calculator,"0.1000,0.1538,0.0249"
5_SM_Chair_A,gray tufted office chair,chair,"0.7884,0.7830,1.1997"
5_SM_Chair_B,gray fabric office chair,chair,"0.6377,0.6142,0.9707"
5_SM_Cigarette_A_Box_B,red white cigarette pack,pack,"0.0455,0.0169,0.0826"
5_SM_Cigarette_A_Stick_A,white filtered cigarette,cigarette,"0.0051,0.0692,0.0050"
5_SM_Cigarette_A_Stick_B,tan filter white paper cigarette,cigarette,"0.0050,0.0490,0.0050"
5_SM_DeskLamp_B,gray adjustable desk lamp,lamp,"0.1414,0.2689,0.5124"
5_SM_FileCabinbet_A,beige metal file cabinet,cabinet,"0.5000,0.4030,1.1500"
5_SM_FileCabinbet_B,beige three drawer file cabinet,cabinet,"0.4150,0.4984,0.6400"
5_SM_PC_B_Keyboard,silver gray keyboard,keyboard,"0.4387,0.1209,0.0141"
5_SM_PC_B_Monitor,silver framed flat screen monitor,monitor,"0.1980,0.7096,0.5542"
5_SM_PC_B_Pad,dark gray mouse pad,pad,"0.6011,0.8012,0.0088"
5_SM_Pencil_A,pink wooden pencil,pencil,"0.0079,0.1669,0.0077"
5_SM_Phone_B,beige coiled landline phone,phone,"0.2980,0.3168,0.0993"
5_SM_Shelf_A_B,beige open bookshelf,bookcase,"0.9324,0.2938,1.9539"
5_SM_Shelf_A_Frame,beige open bookshelf,bookcase,"0.9324,0.2900,1.9539"
5_SM_Table_A,brown oval desk surface,desk,"12.1126,7.2462,0.8125"
5_SM_ToiletSink_A_Sink,white ceramic washbasin,basin,"0.5438,0.4143,0.4269"
5_Toilet_A_Close,light gray ceramic toilet,toilet,"0.4586,0.6392,0.7253"
5_Toilet_A_Open,light gray ceramic toilet,toilet,"0.4586,0.6392,0.8569"
6_SM_DeskTape_01,gray plastic tape dispenser,dispenser,"0.1845,0.0548,0.0679"
6_SM_Document_Binder_02,beige metal clipboard,clipboard,"0.2363,0.3700,0.0200"
6_SM_FileCabinet_01,gray blue metal file cabinet,cabinet,"0.5001,0.4041,1.1500"
6_SM_PC_Case_01,beige retro computer tower,tower,"0.5012,0.4321,0.1100"
6_SM_PC_Socket_01,gray metal connector,connector,"0.0487,0.0499,0.0128"
6_SM_PC_Socket_02,gray rectangular electrical plug,plug,"0.0235,0.0616,0.0165"
6_SM_Speaker_01_Main_01,gray textured cubic speaker,speaker,"0.4160,0.3169,0.4527"
7_SM_board_stand,gray whiteboard metal stand,stand,"1.6824,0.3900,1.8114"
7_SM_board_wall,white aluminum display board,board,"1.6099,0.0330,0.9241"
7_SM_CabinetFiller_Cardboard_02,brown cardboard box,box,"0.5383,0.3534,0.4034"
7_SM_CabinetFiller_Cardboard_05,brown cardboard box,box,"0.5462,0.3512,0.2788"
7_SM_CabinetFiller_Cardboard_09,flat gray brown cardboard sheet,cardboard,"0.5621,0.6994,0.0366"
7_SM_CabinetFiller_Cardboard_10,beige cardboard piece,cardboard,"0.5553,0.4887,0.0223"
7_SM_CabinetFiller_Cardboard_13,gray brown corrugated box,box,"0.1099,0.1688,0.1016"
7_SM_CabinetFiller_DangerousContainer_01,dark gray metal canister,canister,"0.1462,0.0663,0.1996"
7_SM_CabinetFiller_DangerousContainer_02,white plastic bottle,bottle,"0.0749,0.0409,0.1892"
7_SM_CabinetFiller_Glue_01,white plastic bottle,bottle,"0.0733,0.0366,0.1670"
7_SM_CabinetFiller_Glue_02,white plastic bottle,bottle,"0.0733,0.0366,0.1670"
7_SM_CabinetFiller_PillBottle_02,beige plastic bottle,bottle,"0.0831,0.0831,0.1343"
7_SM_CabinetFiller_Pomad_01,beige tube shower gel,bottle,"0.0612,0.0429,0.1659"
7_SM_CabinetFiller_Pomad_02,light blue squeeze tube,tube,"0.0612,0.0429,0.1659"
7_SM_CabinetFiller_Spray_01,white light blue spray can,spray,"0.0621,0.0621,0.1664"
7_SM_CabinetFiller_WaterSpray,light blue spray bottle,bottle,"0.1145,0.0357,0.2571"
7_SM_Chair_01,gray metal adjustable stool,stool,"0.4580,0.4511,0.7088"
7_SM_Chair_02,gray padded swivel chair,chair,"0.6604,0.6769,0.9685"
7_SM_Clock_Body,white gray wall clock,clock,"0.2391,0.0200,0.2399"
7_SM_documents_dressing_clipboard,brown wooden clipboard,clipboard,"0.2363,0.0197,0.3498"
7_SM_documents_dressing_paper_01,grayscale photo newspaper,newspaper,"0.2131,0.0000,0.3009"
7_SM_documents_dressing_paper_02,white printed document sheet,sheet,"0.2131,0.3009,0.0000"
7_SM_documents_dressing_pen,gray white ballpoint pen,pen,"0.0112,0.1448,0.0112"
7_SM_documents_dressing_picture_01,muted earth vintage print,rug,"0.0735,0.0023,0.0717"
7_SM_ElectronicScale_Electronic_Scale,white gray digital scale,scale,"0.2862,0.2601,0.1111"
7_SM_ExitSign_Sign,white red exit sign,sign,"0.6155,0.1611,0.4100"
7_SM_handwash_sink_main,light gray washbasin,basin,"0.5438,0.4046,0.4077"
7_SM_JesusCross,beige wooden crucifix,cross,"0.2216,0.0547,0.3010"
7_SM_MechanicalScale,white clock hanging scale,clock,"0.4000,0.6239,1.6871"
7_SM_Microscope_Platform,white gray compact coffee machine,machine,"0.1386,0.1710,0.2539"
7_SM_Microscope_Scope,gray dual eyepiece microscope,microscope,"0.0646,0.0688,0.0460"
7_SM_PlasticContainer_plastic_containers_01,white plastic bucket,bucket,"0.2636,0.2321,0.3000"
7_SM_PlasticContainer_plastic_containers_02,gray blue plastic jerry can,can,"0.2932,0.2932,0.4748"
7_SM_PlasticContainer_plastic_containers_05,gray blue plastic jerry can,can,"0.2332,0.1140,0.3612"
7_SM_PlasticContainer_plastic_containers_07,gray plastic jerrycan,jerrycan,"0.2288,0.1207,0.2841"
7_SM_SurgeryProps_Hammer,beige rubber mallet,mallet,"0.0789,0.0289,0.2200"
7_SM_Trashbin_Trashbin_Big_Body,beige plastic trash bin,bin,"0.3852,0.3194,0.5727"
7_SM_Trashbin_Trashbin_Big_Plastic,gray stone textured trash bin,bin,"0.3013,0.3950,0.4190"
7_SM_Trashbin_Trashbin_Small_InsideBody,black plastic waste bin,bin,"0.2407,0.2420,0.2800"
7_SM_WallOutlet_DualOutlet,white rectangular wall outlet,outlet,"0.0769,0.0047,0.1136"
7_SM_WallOutlet_DualSwitch,white rectangular toggle switch,switch,"0.0700,0.0070,0.1200"
8_SM_arcade_game_01,dark gray retro arcade cabinet,cabinet,"0.5900,0.6500,1.7000"
8_SM_bar_props_barrel_beer,gray metallic beer keg,keg,"0.3083,0.3083,0.4704"
8_SM_coffee_machine_bag,brown paper coffee bag,bag,"0.2361,0.1095,0.3470"
8_SM_coffee_machine_cup,gray ceramic cup,cup,"0.1003,0.0813,0.0466"
8_SM_coffee_machine_machine,gray commercial espresso machine,machine,"0.6217,0.4205,0.3802"
8_Sm_drum_kit_base_drum,red metallic drum kit,drum,"0.7065,0.7061,0.8803"
8_Sm_drum_kit_chair,black cushioned drum throne,throne,"0.4102,0.4639,0.5040"
8_Sm_drum_kit_complete,red metallic drum kit,drum,"1.7872,1.4392,1.3142"
8_Sm_drum_kit_floor_tom,coral red floor tom drum,drum,"0.5351,0.5257,0.7033"
8_Sm_drum_kit_hi_hat,beige metal drum pad,pad,"0.5046,0.4792,1.3140"
8_Sm_drum_kit_snare_drum,red chrome snare drum,drum,"0.4719,0.4639,0.7279"
8_SM_electric_guitar_01,coral pink electric guitar,guitar,"0.5780,0.4192,1.2389"
8_SM_fridge_01,gray commercial refrigerator,refrigerator,"1.4000,0.6200,1.0000"
8_SM_fridge_02,gray commercial prep station,station,"1.4000,0.6200,1.0122"
8_SM_fridge_03,gray metal storage cabinet,cabinet,"1.3900,0.6138,2.0700"
8_SM_fule_pump_01,vintage red fuel pump,pump,"0.9371,0.5460,2.4163"
8_SM_keybaord_01,gray electronic x stand,stand,"1.3000,0.3782,1.0147"
8_SM_Light,gray metal lantern,lantern,"0.0979,0.1527,0.2368"
8_SM_Light_ceiling_fan,gray wooden ceiling fan,fan,"2.0846,1.9862,0.7596"
8_SM_microphone_01,black gray microphone stand,stand,"0.5503,0.4797,1.6191"
8_SM_motorcycle_01,pink chrome cruiser motorcycle,motorcycle,"2.4886,0.8611,1.5499"
8_SM_pool_table_main,brown wooden pool table,table,"2.6166,1.5166,0.8964"
8_SM_sign_neon_06,red arrow shaped billboard,billboard,"1.2082,0.1091,0.3643"
8_SM_sign_pictures_02,dark framed photograph,frame,"0.6384,0.0333,0.4863"
8_SM_sign_pictures_04,dark gray framed photograph,frame,"0.4626,0.0299,0.8025"
8_SM_sign_pictures_05,black framed picture,frame,"0.9175,0.0333,0.4946"
8_SM_sign_pictures_07,dark framed photograph,frame,"0.5999,0.0299,0.8485"
8_SM_sign_pictures_08,dark gray framed photograph,frame,"0.6767,0.0284,0.9622"
8_SM_small_props_bar_single_glass_01,frosted glass beer pint,vase,"0.0651,0.0651,0.1423"
8_SM_small_props_bar_single_glass_02,dark matte water cup,cup,"0.0400,0.0400,0.0504"
8_SM_small_props_bar_single_glass_03,dark gray wine glass,glass,"0.0667,0.0667,0.1485"
8_SM_small_props_bottle_beer_01,green glass beer bottle,bottle,"0.0531,0.0530,0.1793"
8_SM_small_props_bottle_beer_03,green frosted beer bottle,bottle,"0.0528,0.0530,0.1795"
8_SM_small_props_bottle_beer_04,tall glass bottle,bottle,"0.0509,0.0510,0.2025"
8_SM_small_props_can01,gray wooden beverage can,can,"0.0491,0.0491,0.1266"
8_SM_small_props_can02,blue illustrated soda can,can,"0.0491,0.0491,0.0872"
8_SM_small_props_can03,coral red aluminum can,can,"0.0491,0.0491,0.0872"
8_SM_small_props_can04,white aluminum beer can,can,"0.0491,0.0491,0.1266"
8_SM_small_props_debris_can_01,crushed red soda can,can,"0.0573,0.0573,0.0538"
8_SM_small_props_debris_can_02,blue cylindrical tin can,can,"0.0567,0.0535,0.0510"
8_SM_small_props_debris_can_04,white cylindrical container,vase,"0.0814,0.0520,0.0515"
8_SM_small_props_liquor_bottle_02,dark wine bottle,bottle,"0.0879,0.0879,0.3055"
8_SM_small_props_liquor_bottle_10,brown frosted wine bottle,bottle,"0.0884,0.0887,0.3516"
8_SM_small_props_table_stuff_02,gray cubic storage box,box,"0.0800,0.0922,0.0800"
8_SM_small_props_table_stuff_03,gray ceramic pepper mill,mill,"0.0251,0.0251,0.0631"
8_SM_small_props_table_stuff_05,dark glass ketchup bottle,bottle,"0.0298,0.0299,0.1063"
8_SM_small_table_chair,silver metal bar stool,stool,"0.5294,0.5294,0.7952"
8_SM_speakers_01,dark gray fabric speaker cabinet,cabinet,"0.8100,0.3656,0.7200"
8_SM_speakers_02,dark gray fabric speaker cabinet,cabinet,"0.7100,0.3456,0.7150"
8_SM_speakers_03,black cream shallosound amplifier,amplifier,"0.7103,0.2231,0.2771"
8_SM_structure_bar_door,brown wooden gate panel,gate,"1.0357,0.0700,0.8790"
8_SM_structure_entrance_door_01,brown glass door,door,"1.2000,0.2134,3.0000"
8_SM_structure_entrance_door_02,brown frosted double door window,window,"2.0354,0.2062,2.7000"
8_SM_tv_01,gray framed lcd tv,tv,"1.0727,0.1690,0.7104"
a_AirConditioning1,weathered gray air conditioning unit,unit,"0.9986,0.4779,0.7674"
a_AirConditioning2,gray dual fan air conditioner,air,"0.9986,0.4779,1.4319"
a_Antenna1,gray metal rooftop antenna,antenna,"1.0466,0.7280,2.4189"
a_Antenna2,gray metal tv antenna,antenna,"0.5286,0.7237,2.7365"
a_Antenna3,gray metallic tv antenna,antenna,"0.5607,0.3503,1.7537"
a_ATM,gray rectangular atm machine,machine,"0.7684,1.1551,1.7082"
a_Bag1,black cylindrical duffel bag,bag,"0.8053,0.2887,0.3393"
a_Bag2,dark gray rolling suitcase,suitcase,"0.5118,0.4324,1.0656"
a_Beam1,dark steel i beam,beam,"3.3263,0.2053,0.2370"
a_beam2,dark steel i beam bundle,beam,"3.5074,0.9167,0.6609"
a_Bench,blue upholstered bench,bench,"2.4811,0.7103,1.1067"
a_Biotoilet,blue gray portable toilet,toilet,"1.1779,1.1767,2.4645"
a_Bottle1,dark glass bottle,bottle,"0.0694,0.0694,0.2739"
a_Bottle2,dark brown glass bottle,bottle,"0.0694,0.0694,0.2739"
a_Bottle3,green glass soda bottle,bottle,"0.0694,0.0694,0.2739"
a_Bottle4,orange flavored soda bottle,bottle,"0.0694,0.0694,0.2739"
a_Bottle5,green plastic bottle,bottle,"0.0731,0.0732,0.2472"
a_Bottle6,green plastic soda bottle,bottle,"0.0731,0.0732,0.2472"
a_Bottle7,dark cola bottle,bottle,"0.0731,0.0732,0.2472"
a_Bottle8,dark plastic cola bottle,bottle,"0.0731,0.0732,0.2472"
a_Box1,gray metal military crate,crate,"0.9981,0.9981,0.9998"
a_Box2,gray green canvas wooden crate,crate,"1.2394,1.2681,1.0125"
a_Brick1,reddish brown perforated brick,brick,"0.2712,0.1254,0.0914"
a_Brick2,reddish brown perforated brick,brick,"0.2712,0.1254,0.0916"
a_Brick3,reddish brown perforated brick,brick,"0.1791,0.1263,0.0916"
a_Brush,gray beige paintbrush,brush,"0.1241,0.3915,0.0268"
a_Can1,teal green gradient soda can,can,"0.0893,0.0893,0.1777"
a_Can2,orange gradient beverage can,can,"0.0893,0.0893,0.1777"
a_Can3,blue aluminum can,can,"0.0893,0.0893,0.1777"
a_Can4,red aluminum can,can,"0.0893,0.0893,0.1777"
a_Candy1,pink green candy wrapper,wrapper,"0.0706,0.1622,0.0420"
a_Candy2,brown wafer candy wrapper,wrapper,"0.0706,0.1622,0.0420"
a_Candy3,red white snack package,package,"0.0706,0.1622,0.0420"
a_Candy4,yellow transparent snack package,package,"0.0706,0.1622,0.0420"
a_Canister1,dark blue plastic jerry can,can,"0.5085,0.4733,0.8208"
a_Canister2,dark blue gray plastic jerry can,can,"0.3896,0.2487,0.5923"
a_Chips1,yellow red potato chips bag,bag,"0.1471,0.1890,0.0479"
a_Chips2,red brown chip bag,bag,"0.1471,0.1890,0.0479"
a_Chips3,green sealed snack bag,bag,"0.1471,0.1890,0.0479"
a_Chips4,blue ridged potato chips bag,bag,"0.1471,0.1890,0.0479"
a_Choco1,dark chocolate wrapper,wrapper,"0.0673,0.1650,0.0126"
a_Choco2,purple chocolate bar,bar,"0.0673,0.1650,0.0126"
a_Choco3,chocolate brown wrapper,wrapper,"0.0673,0.1650,0.0126"
a_Choco4,chocolate brown wrapper,wrapper,"0.0673,0.1650,0.0126"
a_Choco5,red yellow chocolate bar,bar,"0.0413,0.1505,0.0220"
a_Choco6,red white chocolate wrapper,wrapper,"0.0413,0.1505,0.0220"
a_Choco7,blue red striped wrapper,wrapper,"0.0413,0.1505,0.0220"
a_Choco8,blue wrapped chocolate bar,bar,"0.0413,0.1505,0.0220"
a_CoffeeCup,gray paper cup,cup,"0.0987,0.0987,0.1096"
a_CoffeeMachine,dark gray vending coffee machine,machine,"0.6766,0.7084,1.9962"
a_Container,blue gray rusted shipping container,container,"6.1208,2.4566,2.6221"
a_Container2,dark blue shipping container,container,"6.1208,2.4566,2.6221"
a_ContainerDoorL,dark gray blue metal container door,container,"1.2239,2.5091,0.1321"
a_ContainerDoorR,dark gray blue metal container door,container,"1.3023,2.5091,0.1321"
a_Dumpster,dark gray blue weathered dumpster,dumpster,"2.4108,1.1191,1.5054"
a_DumpsterCap,black ribbed plastic lid,lid,"1.1048,1.0549,0.1675"
a_Floodlight1,dark gray floodlight,lamp,"0.2176,0.1769,0.1701"
a_Floodlight1Stand,yellow metal stand,stand,"0.3128,0.1834,0.3181"
a_FloverTub,terracotta ceramic planter,planter,"0.2575,0.2575,0.2211"
a_FoldingChair,gray fabric folding chair,chair,"0.5647,0.6174,0.9637"
a_Generator,red tubular generator,chair,"0.4695,0.6447,0.4785"
a_Hydrant,weathered red fire hydrant,hydrant,"0.2412,0.2919,0.5615"
a_IceBox,gray plastic cooler box,box,"0.9911,0.4961,0.5464"
a_KeroseneLamp,rusty red metal lantern,lantern,"0.2122,0.1775,0.5428"
a_Ladder,gray metal folding ladder,ladder,"0.6593,1.2312,1.7224"
a_LeatherChair,dark brown upholstered armchair,chair,"1.0731,0.8511,0.9749"
a_LeatherSofa,dark brown three seater sofa,sofa,"2.3716,0.8570,0.9749"
a_MetalCloset1,gray open front storage cabinet,cabinet,"0.5122,0.3999,1.8602"
a_MetalCloset2,gray open shelving unit,shelf,"0.9619,0.3999,1.8602"
a_Money1,yellow band hundred dollar bills,bill,"0.1560,0.0660,0.0173"
a_Money2,yellow wrapped hundred dollar bills,bill,"0.1560,0.0660,0.0173"
a_Money3,yellow band dollar stack,stack,"0.1560,0.0660,0.0173"
a_Money4,yellow bank hundred dollar bills,bill,"0.1560,0.0660,0.0173"
a_PaintCan,gray metal paint can,can,"0.2317,0.2317,0.2813"
a_PalletJack,brown metal pallet jack,cart,"1.3859,0.5424,1.1646"
a_Payphone,blue metal telephone booth,booth,"0.5166,0.5175,2.0046"
a_RoadBlock1,gray metal barrier,barrier,"2.4445,0.4306,1.0900"
a_RoadBlock2,reddish brown concrete barrier,barrier,"1.6920,0.5412,0.8628"
a_Sack1,gray fabric cushion,cushion,"0.8806,0.5078,0.3275"
a_Sack2,gray burlap sack,sack,"0.4989,0.3048,0.8799"
a_Safe,dark gray metal safe box,safe,"0.7350,0.7558,0.7350"
a_SatelliteDish1,gray metal satellite dish,dish,"1.2627,0.9228,1.2988"
a_SatelliteDish2,gray metal satellite dish,dish,"1.2002,1.0229,1.1339"
a_Signs01,green rectangular fire exit sign,sign,"0.3770,0.0098,0.1614"
a_Signs02,green running fire exit,sign,"0.3770,0.0098,0.1614"
a_Signs03,green running fire exit,sign,"0.3770,0.0098,0.1614"
a_Signs04,green rectangular fire exit sign,sign,"0.3770,0.0098,0.1614"
a_Signs05,gray directional sign,sign,"0.3770,0.0098,0.1614"
a_Signs06,gray female restroom sign,sign,"0.3770,0.0098,0.1614"
a_Signs07,gray rectangular storage room sign,sign,"0.3770,0.0098,0.1614"
a_Signs08,yellow flame caution sign,sign,"0.3770,0.0098,0.3023"
a_Signs09,yellow laser caution sign,sign,"0.3770,0.0098,0.3023"
a_Signs10,yellow rectangular caution sign,sign,"0.3770,0.0098,0.3023"
a_Signs11,yellow rectangular caution sign,sign,"0.3770,0.0098,0.3023"
a_Signs12,yellow hand caution sign,sign,"0.3770,0.0098,0.3023"
a_Signs13,red white prohibition sign,sign,"0.2703,0.0098,0.3777"
a_Signs14,white red prohibition sign,sign,"0.2703,0.0098,0.3777"
a_Signs15,white red rectangular sign,sign,"0.2703,0.0098,0.3777"
a_Signs16,red prohibition sign,sign,"0.2703,0.0098,0.3777"
a_Signs17,gray rectangular sign,sign,"0.2703,0.0098,0.3777"
a_Signs18,white red no smoking sign,sign,"0.3777,0.0098,0.2698"
a_Signs19,white red emergency exit,sign,"0.3777,0.0098,0.2698"
a_Signs20,green white emergency sign,sign,"0.3777,0.0098,0.2698"
a_Signs21,green white emergency sign,sign,"0.3777,0.0098,0.2698"
a_Signs22,blue white notice sign,sign,"0.3777,0.0098,0.2698"
a_SM_acetylene_welding_compiled,green gray gas cylinder,cylinder,"0.6111,0.5036,1.4133"
a_SM_acetylene_welding_cylinder_01,weathered gray gas cylinder,cylinder,"0.3175,0.2097,1.1214"
a_SM_acetylene_welding_cylinder_02,weathered gray gas cylinder,cylinder,"0.2097,0.2097,1.1523"
a_SM_acetylene_welding_cylinder_03,green welding cylinder,cylinder,"0.3177,0.2097,1.3969"
a_SM_acetylene_welding_cylinder_04,dark green welding cylinder,cylinder,"0.2097,0.2097,1.4279"
a_SM_Ammo_Box_Black_Wooden_01a,weathered wooden crate,crate,"1.0486,0.4666,0.4142"
a_SM_Ammo_Box_Green_Wooden_01a,dark green military box,box,"1.0486,0.4872,0.4188"
a_SM_Armchair,mid century modern wooden armchair,chair,"0.7550,0.8836,0.8075"
a_SM_Armchair.001,beige linen cushion,cushion,"0.4139,0.1898,0.2423"
a_SM_Armchair_02,charcoal upholstered lounge chair,chair,"0.8031,0.8594,0.8725"
a_SM_assualt_rifle_01_dual_mag,dark gray wooden rifle,rifle,"0.9024,0.2879,0.0689"
a_SM_assualt_rifle_01_empty,dark wooden rifle,rifle,"0.9024,0.1966,0.0585"
a_SM_assualt_rifle_01_mag_01,dark gray curved rifle magazine,magazine,"0.1451,0.2060,0.0283"
a_SM_assualt_rifle_01_mag_02,gray ribbed rifle magazine,magazine,"0.1937,0.2282,0.0586"
a_SM_assualt_rifle_01_single_mag,dark gray wooden rifle,rifle,"0.9024,0.2656,0.0585"
a_SM_auto_repair_03_container_01,white plastic bottle,bottle,"0.0652,0.0652,0.1594"
a_SM_auto_repair_03_container_02,brown frosted glass bottle,bottle,"0.0650,0.0650,0.1594"
a_SM_auto_repair_03_container_03,gray adhesive bottle,bottle,"0.0700,0.0700,0.1225"
a_SM_auto_repair_03_container_04,brown plastic bottle,bottle,"0.0700,0.0700,0.1225"
a_SM_auto_repair_03_container_05,white cylindrical grease container,container,"0.1187,0.1187,0.1045"
a_SM_auto_repair_03_container_06,gray cylindrical container,vase,"0.1187,0.1187,0.0751"
a_SM_auto_repair_03_debris_01,white pearl spray can,spray,"0.1740,0.0646,0.0646"
a_SM_auto_repair_03_debris_04,dark gray spray can,can,"0.1546,0.0661,0.0661"
a_SM_auto_repair_03_gallon_01,vintage red metal can,can,"0.1830,0.0830,0.2597"
a_SM_auto_repair_03_gallon_02,blue metal fuel canister,canister,"0.1830,0.0830,0.2597"
a_SM_auto_repair_03_glue_01,teal blue tube,vase,"0.0612,0.0429,0.1659"
a_SM_auto_repair_03_glue_02,gray red sealant tube,tube,"0.0612,0.0429,0.1659"
a_SM_auto_repair_03_glue_03,gray plastic bottle,bottle,"0.0733,0.0366,0.1670"
a_SM_auto_repair_03_glue_04,yellow industrial adhesive bottle,bottle,"0.0733,0.0366,0.1670"
a_SM_auto_repair_03_oil,tan plastic oil can,can,"0.2312,0.0800,0.1727"
a_SM_auto_repair_03_spray_01,red white spray can,can,"0.0621,0.0621,0.1664"
a_SM_auto_repair_03_spray_02,gray white aerosol can,can,"0.0621,0.0621,0.1664"
a_SM_auto_repair_03_spray_03,yellow gray aerosol can,can,"0.0564,0.0613,0.1625"
a_SM_auto_repair_03_spray_04,blue red yellow spray can,can,"0.0566,0.0614,0.1625"
a_SM_auto_repair_03_spray_05,black spray can,can,"0.0623,0.0623,0.2004"
a_SM_auto_repair_03_spray_06,gray white spray paint can,can,"0.0623,0.0623,0.2000"
a_SM_auto_repair_03_spray_07,black spray can,can,"0.0623,0.0623,0.1795"
a_SM_auto_repair_03_spray_08,white spray paint can,can,"0.0623,0.0623,0.1795"
a_SM_auto_repair_03_tape_01,brown gray masking tape,tape,"0.0920,0.0920,0.0170"
a_SM_auto_repair_03_tape_02,gray adhesive tape roll,roll,"0.0920,0.0920,0.0459"
a_SM_auto_repair_03_tape_03,burgundy gray tape roll,roll,"0.0504,0.0504,0.0160"
a_SM_auto_repair_props_01_battery,gray blue power battery,battery,"0.2800,0.1600,0.2004"
a_SM_auto_repair_props_01_clamp,weathered gray green metal vise,vise,"0.4404,0.3358,0.1967"
a_SM_auto_repair_props_01_drill,teal gray power drill,drill,"0.1763,0.1598,0.0532"
a_SM_auto_repair_props_01_tool_box,weathered red black metal toolbox,toolbox,"0.4500,0.1950,0.2626"
a_SM_auto_repair_props_02_adhustable_wrench,rusty gray adjustable wrench,wrench,"0.3190,0.0892,0.0180"
a_SM_auto_repair_props_02_box,gray metal socket wrench,wrench,"0.0298,0.0298,0.0384"
a_SM_auto_repair_props_02_box_handle,gray metal threaded rod,rod,"0.3000,0.0465,0.0299"
a_SM_auto_repair_props_02_hammer_big,gray metal sledgehammer,hammer,"0.1630,0.3647,0.0552"
a_SM_auto_repair_props_02_hammer_small,gray metal hammer,hammer,"0.1468,0.2807,0.0291"
a_SM_auto_repair_props_02_monkey_wrench,red metal pipe wrench,wrench,"0.4707,0.0849,0.0262"
a_SM_auto_repair_props_02_pliers_01,red gray steel pliers,pliers,"0.0801,0.2030,0.0270"
a_SM_auto_repair_props_02_pliers_02,orange rubber pliers,pliers,"0.0571,0.2207,0.0173"
a_SM_auto_repair_props_02_screw_driver,blue plastic screwdriver,tool,"0.3094,0.0304,0.0302"
a_SM_auto_repair_props_02_tire_wrench,gray cross shaped lug wrench,wrench,"0.3300,0.3300,0.0290"
a_SM_auto_repair_props_02_wrench_01,gray flat double ended wrench,wrench,"0.3361,0.0707,0.0107"
a_SM_auto_repair_props_02_wrench_02,gray combination wrench,wrench,"0.3320,0.0627,0.0176"
a_SM_auto_repair_props_02_wrench_03,gray metal wrench,tool,"0.3285,0.0453,0.0513"
a_SM_auto_repair_props_04_box_tray,dark gray plastic crate,crate,"0.4462,0.3115,0.2252"
a_SM_auto_repair_props_04_chiar,gray metal bar stool,stool,"0.5050,0.5050,0.7585"
a_SM_auto_repair_table_drawer,dark green metal cabinet,cabinet,"1.1198,0.6365,0.9501"
a_SM_auto_repair_table_wooden,dark wood workbench,workbench,"2.2667,0.8491,0.9500"
a_SM_Bag_1,white paper shopping bag,bag,"0.3649,0.1188,0.3423"
a_SM_Bag_2,brown kraft paper bag,bag,"0.2265,0.1002,0.3400"
a_SM_Bag_3,black paper bag,bag,"0.2807,0.1105,0.4005"
a_SM_Bag_Props_01a,olive brown canvas bag,bag,"0.6700,0.4296,0.4535"
a_SM_Bag_Props_01c,black gold pen,pen,"0.0279,0.2939,0.0268"
a_SM_Barrel_Rope_01a,dark gray metal oil drum,drum,"0.7079,0.7079,1.0627"
a_SM_Barrel_Rope_01b,gray twisted rope bundle,rope,"0.5075,0.1243,0.0751"
a_SM_Barrel01,weathered orange drum,drum,"0.5572,0.5571,0.9144"
a_SM_Barrel02,weathered orange metal drum,drum,"0.5572,0.5571,0.9144"
a_SM_Barrel03,weathered orange oil drum,drum,"0.5572,0.5571,0.9144"
a_SM_Barrel04,weathered orange oil drum,drum,"1.5192,1.4971,0.9747"
a_SM_baseball_bat,weathered wooden club,chair,"0.1430,0.8681,0.1561"
a_SM_bed,dark wood double bed,bed,"1.8756,2.6874,1.0790"
a_SM_Bed__2_,gray upholstered double bed,bed,"2.2476,2.3776,0.9881"
a_SM_bed_compiled,worn gray pallet bed,bed,"1.3668,2.4588,0.5770"
a_SM_bed_mattress,gray worn quilted mattress,mattress,"1.2133,2.2103,0.2425"
a_SM_bed_wooden_pallet,weathered wooden pallet,pallet,"1.1696,1.0888,0.1752"
a_SM_Blinds_1,beige wooden venetian blind,blind,"1.5776,0.0936,1.7437"
a_SM_Blinds_2,beige wooden venetian blind,blind,"1.5776,0.0936,1.4287"
a_SM_board_compiled_01,gray metal display board,board,"1.6824,0.3900,1.8114"
a_SM_board_compiled_02,gray metal display board,board,"1.6824,0.3900,1.8114"
a_SM_board_empty,gray whiteboard stand,stand,"1.6824,0.3900,1.8114"
a_SM_Bolt_Action_Rifle_01a,dark brown wooden rifle,rifle,"1.6642,0.2836,0.1049"
a_SM_book_01,black embossed book,book,"0.0279,0.1963,0.2182"
a_SM_book_02,green bold book,book,"0.0234,0.1596,0.2674"
a_SM_book_03,yellow hardcover book,book,"0.0400,0.1596,0.2222"
a_SM_book_04,red orange gradient book,book,"0.0142,0.1596,0.1509"
a_SM_book_05,blue hardcover design book,book,"0.0142,0.1596,0.2005"
a_SM_BookShelf_01a,dark brown wooden bookshelf,bookcase,"1.0000,0.4000,2.0000"
a_SM_Bookshelf_01a_Blank,natural wooden bookshelf,bookcase,"1.0000,0.4000,2.0000"
a_SM_BookShelf_02,black wooden bookshelf,bookcase,"1.0894,0.2255,2.1274"
a_SM_Bottle_02,dark gray wine bottle,bottle,"0.0488,0.0488,0.1896"
a_SM_Bottle_03,gray ceramic mug,mug,"0.0399,0.0511,0.0555"
a_SM_Bowl_with_Oranges,white ceramic bowl,bowl,"0.2536,0.2527,0.1464"
a_SM_Box_Wooden_01a,weathered wooden crate,crate,"1.1187,0.5114,0.2102"
a_SM_Box01,weathered wooden crate,crate,"2.3565,1.2995,0.9418"
a_SM_Box02,weathered wooden crate,crate,"1.2995,1.4457,0.9418"
a_SM_Box03,dark teal wooden crate,crate,"2.8444,1.8516,1.0053"
a_SM_cable_work_battery_rack,weathered gray mining rack,rack,"0.4775,1.2067,0.7938"
a_SM_cable_work_cable_small_holder,gray rubber cable grommet,grommet,"0.0174,0.0046,0.0115"
a_SM_cable_work_cable_tray,black ribbed cable,cable,"1.0000,0.0400,0.0284"
a_SM_cable_work_fuse_box_big,gray metal distribution box,box,"0.4143,0.1507,0.5527"
a_SM_cable_work_fuse_box_mid,gray rectangular distribution box,box,"0.2000,0.0621,0.3356"
a_SM_cable_work_fuse_box_small,gray plastic distribution box,box,"0.1000,0.0437,0.1266"
a_SM_cable_work_generator,red gray portable generator,generator,"0.7250,0.5444,0.5250"
a_SM_cable_work_outlet_shelf,gray power strip,strip,"0.2731,0.0475,0.0400"
a_SM_cable_work_outlet_wall_closed,gray red wall socket,socket,"0.0660,0.0370,0.0730"
a_SM_cable_work_outlet_wall_opened,gray red wall socket,socket,"0.0660,0.0375,0.1213"
a_SM_cable_work_power_plug_01,black rubber three pin plug,plug,"0.0606,0.0598,0.0409"
a_SM_cable_work_power_plug_02,dark gray cylindrical power plug,plug,"0.0409,0.0812,0.0412"
a_SM_cable_work_switch,gray metal electric switch,switch,"0.0800,0.0807,0.1284"
a_SM_cage_lock_closed,weathered brass padlock,padlock,"0.0650,0.0200,0.1404"
a_SM_cage_lock_opened,beige wooden padlock,lock,"0.0981,0.0200,0.1404"
a_SM_cage_modules_door_holder_01,weathered metal clamp,clamp,"0.0967,0.0477,0.0161"
a_SM_cage_modules_door_holder_02,weathered rusted metal cylinder,cylinder,"0.0212,0.0216,0.0400"
a_SM_cage_modules_pipe_3way,weathered rusted pipe connector,pipe,"0.1076,0.0454,0.0701"
a_SM_cage_modules_pipe_90,weathered gray pipe elbow,elbow,"0.0736,0.0487,0.0729"
a_SM_cage_modules_pipe_clamp,weathered gray metal clamp,clamp,"0.1458,0.0513,0.0311"
a_SM_cage_modules_round_holder,weathered metal mounting plate,mounting,"0.1514,0.0700,0.1500"
a_SM_cage_modules_square_holder,weathered metal plate,plate,"0.1617,0.0450,0.1613"
a_SM_cage_rebar_debris_01,corroded rusty rebar rod,rod,"0.2971,0.0344,0.0165"
a_SM_cage_rebar_debris_02,rusted bent rebar segment,railing,"0.1783,0.0253,0.0196"
a_SM_can_food_closed_01,gray metal food can,can,"0.0800,0.0800,0.1200"
a_SM_can_food_closed_02,red labeled sauce can,can,"0.0800,0.0800,0.1200"
a_SM_can_food_closed_03,yellow metal can,can,"0.0800,0.0800,0.1200"
a_SM_can_food_closed_04,silver metal corn can,vase,"0.0800,0.0800,0.1200"
a_SM_can_food_closed_05,brown labeled metal can,can,"0.0800,0.0800,0.1200"
a_SM_can_food_closed_06,brown metal can,can,"0.0800,0.0800,0.1200"
a_SM_can_food_closed_07,gray translucent container,container,"0.1340,0.0604,0.0304"
a_SM_can_food_closed_08,gray metal food can,can,"0.0800,0.0800,0.0436"
a_SM_can_food_closed_09,blue red labeled tuna can,can,"0.0800,0.0800,0.0436"
a_SM_can_food_closed_10,red tuna can,can,"0.0800,0.0800,0.0436"
a_SM_can_food_closed_11,translucent plastic container,container,"0.1340,0.1002,0.0304"
a_SM_can_food_closed_12,metal sardine can,can,"0.1340,0.0843,0.0304"
a_SM_can_food_closed_13,gray metal food can,can,"0.1600,0.1595,0.1800"
a_SM_can_food_empty_01,yellow metal can,can,"0.0800,0.0800,0.2015"
a_SM_can_food_empty_02,blue red tuna tin can,can,"0.0800,0.0800,0.1243"
a_SM_can_food_empty_03,open tin can,can,"0.0800,0.0800,0.1243"
a_SM_can_food_empty_04,red tin can,can,"0.0800,0.0800,0.1243"
a_SM_can_food_empty_05,weathered metal can,can,"0.0800,0.0800,0.2015"
a_SM_can_food_empty_06,red white soup can,can,"0.0800,0.0800,0.2015"
a_SM_can_food_empty_07,brown metal bean can,can,"0.0800,0.0800,0.2015"
a_SM_can_food_empty_08,rusty metal can,can,"0.0800,0.0800,0.2015"
a_SM_can_food_empty_09,empty metal can,can,"0.0800,0.0800,0.2015"
a_SM_can_food_opened_01,red metal can,can,"0.0800,0.0800,0.2015"
a_SM_can_food_opened_02,metal peeled corn can,can,"0.0800,0.0800,0.2015"
a_SM_can_food_opened_03,brown metal can,can,"0.0800,0.0800,0.2015"
a_SM_can_food_opened_04,red white soup can,can,"0.0800,0.0800,0.2015"
a_SM_can_food_opened_05,silver metal food can,can,"0.0800,0.0800,0.2015"
a_SM_can_food_opened_06,brown metal can,can,"0.0800,0.0800,0.1243"
a_SM_can_food_opened_07,blue metal tuna can,can,"0.0800,0.0800,0.1243"
a_SM_can_food_opened_08,red tin can,can,"0.0800,0.0800,0.1243"
a_SM_can_food_opened_09,yellow label chickpea can,can,"0.0800,0.0800,0.2015"
a_SM_can_food_opened_10,brown metal can,can,"0.1340,0.0843,0.1421"
a_SM_can_food_opened_11,brown metal tin can,can,"0.1453,0.0604,0.1358"
a_SM_can_food_opened_12,pink tin can,can,"0.1340,0.1002,0.1429"
a_SM_cardboards_01,brown cardboard box,box,"0.3604,0.2134,0.1959"
a_SM_cardboards_02,brown cardboard storage box,box,"0.3719,0.3566,0.1870"
a_SM_cardboards_03,worn beige cardboard box,box,"0.3534,0.3532,0.3092"
a_SM_cardboards_04,brown cardboard box,box,"0.5383,0.3534,0.4034"
a_SM_cardboards_05,brown worn cardboard box,box,"0.5462,0.3512,0.2788"
a_SM_cardboards_06,flat brown cardboard box,box,"0.3507,0.3503,0.1476"
a_SM_cardboards_07,worn gray brown cardboard box,box,"0.4451,0.3621,0.4050"
a_SM_cardboards_08,brown cardboard box,box,"0.3509,0.2095,0.2992"
a_SM_cardboards_12,flat brown cardboard label,label,"0.5553,0.4887,0.0223"
a_SM_cardboards_13,brown corrugated cardboard,box,"0.6994,0.5621,0.0366"
a_SM_cardboards_14,blue gray striped box,box,"0.1691,0.1200,0.0660"
a_SM_cardboards_15,green cardboard box,box,"0.1688,0.1099,0.1016"
a_SM_cardboards_16,red gray cubic box,box,"0.1198,0.1200,0.1540"
a_SM_cardboards_17,blue yellow cardboard box,box,"0.5698,0.0819,0.0675"
a_SM_CardBox_1A,brown cardboard box,box,"0.7688,0.6384,0.4938"
a_SM_CardBox_1B,brown cardboard box,box,"0.6851,0.4893,0.4873"
a_SM_CardBox_2A,brown textured box,box,"0.4964,0.4868,0.3084"
a_SM_CardBox_4B,flat brown cardboard box,box,"0.3667,0.2446,0.1265"
a_SM_Carpet,gray textured carpet,rug,"2.9969,1.9620,0.0266"
a_SM_Carpets_02,dark textured carpet,rug,"2.6926,1.7941,0.0598"
a_SM_CartonBox01,weathered brown cardboard box,box,"0.7067,0.4208,0.4446"
a_SM_CartonBox02,worn brown cardboard box,box,"0.6356,0.3675,0.3882"
a_SM_CartonBox03,weathered brown cardboard box,box,"1.0164,0.7934,0.6457"
a_SM_CartonGarbage05,torn brown cardboard pieces,cardboard,"0.9750,0.6072,0.2593"
a_SM_CartonGarbage06,torn brown cardboard pieces,cardboard,"0.8409,0.5759,0.2108"
a_SM_Ceiling_Lamp_1,gray industrial pendant lamp,lamp,"0.4944,0.4944,1.2402"
a_SM_Ceiling_Lamp_2,gray cylindrical pendant light,lamp,"0.1625,0.1625,1.2514"
a_SM_Ceiling_Lamp_3,gray conical pendant light,lamp,"0.1625,0.1625,1.3858"
a_SM_ceiling_prop_ac_pipe_90,weathered gray concrete elbow pipe,pipe,"0.6434,0.6434,0.4105"
a_SM_ceiling_prop_ac_pipe_mount,weathered gray concrete basin,basin,"0.5484,0.5518,0.1794"
a_SM_ceiling_prop_ac_pipe_stright_short,weathered gray pipe,pipe,"0.8064,0.4156,0.4120"
a_SM_ceiling_prop_foil_broken,weathered concrete barrier,barrier,"2.1569,1.7904,1.0162"
a_SM_ceiling_prop_foil_duct_3way,weathered gray concrete pipe,pipe,"1.0851,1.3777,0.4747"
a_SM_ceiling_prop_foil_duct_left_right,weathered gray concrete duct,duct,"1.0919,1.0977,0.4867"
a_SM_ceiling_prop_foil_duct_straight,weathered concrete duct,shelf,"2.0000,0.9103,0.9785"
a_SM_ceiling_prop_foil_duct_up_down,weathered concrete block,block,"0.9341,0.9262,0.7851"
a_SM_ceiling_prop_foil_vent_01,weathered concrete floor vent,vent,"0.7767,0.4697,0.0608"
a_SM_ceiling_prop_foil_vent_02,dark gray metal ventilation cover,ventilation,"0.7767,0.4697,0.0670"
a_SM_ceiling_prop_foldable_end,weathered concrete container,container,"0.2771,0.2756,0.1569"
a_SM_ceiling_prop_foldable_pipe,weathered corrugated metal pipe,pipe,"2.0000,0.2376,0.2389"
a_SM_CentralTable_01,dark brown wooden coffee table,table,"0.8002,0.4900,0.1986"
a_SM_Chair_02,gray upholstered bar stool,stool,"0.4930,0.4647,0.9107"
a_SM_Chair_comfortable,navy velvet armchair,chair,"0.8430,0.8294,0.8599"
a_SM_Chair_Table_Wooden_01a,dark wooden chair,chair,"0.5468,0.5319,1.1915"
a_SM_Chair_Table_Wooden_01b,dark wooden table,table,"1.8841,0.9504,0.7287"
a_SM_ChairVintage,dark brown studded chair,chair,"0.7106,0.6682,1.0246"
a_SM_cloth_02_01,gray tattered banner,banner,"2.0074,0.0699,0.6818"
a_SM_cloth_02_02,faded flag hanging cloth,flag,"1.2999,0.0563,2.2370"
a_SM_cloth_02_03,gray raised fist banner,banner,"0.5988,0.0409,1.9701"
a_SM_cloth_cage_cover,gray olive rust patchwork cloth,cloth,"3.5459,0.3296,4.1907"
a_SM_cloth_windows_cover_01,gray fabric cloth,cloth,"3.4071,1.6447,0.1472"
a_SM_cloth_windows_cover_02,weathered patchwork panel,panel,"3.4035,0.8302,1.5331"
a_SM_CoffeeTable_01a,black metal coffee table,table,"1.5000,0.8000,0.4047"
a_SM_CoffeeTable_01b,dark wooden coffee table,table,"0.8196,0.8000,0.4047"
a_SM_Computer_02a_CRT,gray thick bezel monitor,monitor,"0.4410,0.3380,0.4272"
a_SM_Computer_02a_Mousepad,dark gray textured mouse pad,pad,"0.3292,0.2701,0.0054"
a_SM_ComputerDisplay01,dark bronze monitor,monitor,"1.0511,0.2256,0.6034"
a_SM_ComputerDisplay02,dark framed monitor,monitor,"1.0511,0.2300,0.6034"
a_SM_ComputerDisplay03,cyan glow dark monitor,monitor,"1.0511,0.2300,0.6034"
a_SM_ComputerDisplay04,cyan futuristic monitor,monitor,"1.0511,0.2300,0.6034"
a_SM_ComputerDisplay05,dark teal aquarium scene,vase,"1.0511,0.2300,0.6034"
a_SM_ComputerDisplay06,dark teal monitor,monitor,"1.0511,0.2300,0.6034"
a_SM_ComputerDisplay07,dark teal monitor,monitor,"1.0511,0.2300,0.6034"
a_SM_crane_arm,reddish brown metal beam,beam,"1.1330,0.2270,0.1139"
a_SM_crane_arm_extention,dark gray metal beam,beam,"0.7336,0.1105,0.0695"
a_SM_crane_hydraulic_jack_main,reddish brown hydraulic jack,jack,"0.5901,0.1324,0.5990"
a_SM_crane_main,rusty metal aframe stand,stand,"1.4634,0.9760,1.3989"
a_SM_crane_pillar_crane,rusty orange industrial trolley,trolley,"0.3703,0.2624,0.5471"
a_SM_Cup__2_,black matte ceramic cup,cup,"0.1569,0.1569,0.0617"
a_SM_Curtain_Close_01,taupe linen curtain panel,curtain,"1.4475,0.0822,1.9194"
a_SM_Curtain_Open_01,dark gray curtain panels,curtain,"1.8909,0.2275,2.4129"
a_SM_Decor_10,charcoal matte ceramic vase,vase,"0.1508,0.1508,0.2515"
a_SM_Decor_11,two tone ceramic reed diffuser,diffuser,"0.0830,0.0830,0.2702"
a_SM_Decor_2,frosted glass reed diffuser,diffuser,"0.0772,0.0888,0.2500"
a_SM_Decor_3,white cylindrical candle holder,vase,"0.0651,0.0651,0.0578"
a_SM_Decor_5,green hexagonal pot,vase,"0.1792,0.1792,0.2566"
a_SM_Decor_6,beige ribbed spherical planter,planter,"0.3638,0.2855,0.3603"
a_SM_Decor_7,gray ceramic vase,vase,"0.1303,0.1302,0.1190"
a_SM_Decor_8,beige ceramic vase,vase,"0.3272,0.2152,0.4936"
a_SM_Decor_9,matte black bird sculpture,statue,"0.1960,0.0579,0.1884"
a_SM_Decor_Bottle_01,black glass wine bottle,bottle,"0.0749,0.0749,0.3165"
a_SM_Decor_Candle_Off,gray concrete candle,candle,"0.0580,0.0580,0.0278"
a_SM_Decor_Vase_01,white slender vase,vase,"0.1519,0.1522,0.6993"
a_SM_Decor_Vase_04,dark glass vase,vase,"0.1299,0.1299,0.2607"
a_SM_Desk_01b,dark walnut writing desk,desk,"1.4488,0.7485,0.8187"
a_SM_desk_chair,dark wooden chair,chair,"0.5090,0.5362,1.0660"
a_SM_desk_compiled,brown wooden executive desk,desk,"2.5000,0.8500,0.8450"
a_SM_desk_props_aid_kit,red fabric first aid kit,kit,"0.3047,0.1212,0.2630"
a_SM_desk_props_battery_01,brown gray v battery,battery,"0.0300,0.0165,0.0489"
a_SM_desk_props_battery_02,gray cylindrical battery,battery,"0.0314,0.0314,0.0531"
a_SM_desk_props_clamp,dark gray plastic desktop clamp,desk,"0.1169,0.0957,0.0580"
a_SM_desk_props_flashlight,gray cylindrical flashlight,flashlight,"0.2354,0.0455,0.0455"
a_SM_desk_props_marker,gray blue marker pen,pen,"0.1750,0.0247,0.0243"
a_SM_desk_props_marker_closed,gray blue cylindrical pen,pen,"0.1807,0.0255,0.0252"
a_SM_desk_props_notebook,red spiral notebook,notebook,"0.0130,0.1100,0.1550"
a_SM_desk_props_pencil,pink wooden pencil,pencil,"0.1734,0.0082,0.0080"
a_SM_desk_props_tape_holder,gray plastic tape dispenser,dispenser,"0.1844,0.0545,0.0679"
a_SM_desk_shelf,dark wooden bench,bench,"2.4460,0.3895,0.4995"
a_SM_desk_small_table,dark wooden workbench,bench,"1.4678,0.6268,0.5758"
a_SM_dishwasher_product,gray light blue yellow spray bottle,bottle,"0.1174,0.0578,0.3241"
a_SM_Dresser_01,gray bronze two door wardrobe,wardrobe,"1.0022,0.6209,2.1009"
a_SM_Dresser_02,olive brown wooden wardrobe,wardrobe,"1.0022,0.6209,2.1009"
a_SM_Dresser_03,gray wood wardrobe,wardrobe,"1.0075,0.6294,2.1015"
a_SM_entrance_door_electric_motor,weathered industrial motor,motor,"0.3950,0.3518,0.3928"
a_SM_entrance_door_pinion,gray plastic gear,gear,"0.0999,0.0999,0.0607"
a_SM_Fan,brass wooden ceiling fan,fan,"0.9182,0.9495,0.5695"
a_SM_FanLamp_01,dark bronze ceiling fan,fan,"1.0155,1.0549,0.1776"
a_SM_Fence_Helmet_01a,weathered wooden xframe obstacle,shelf,"1.7575,0.9000,0.8321"
a_SM_Fence_Helmet_01b,olive green military helmet,helmet,"0.2899,0.3158,0.1977"
a_SM_FilingBox_01b,brown cardboard office box,box,"0.4686,0.3378,0.2486"
a_SM_FilingBox_01c,brown matte box lid,box,"0.5025,0.3490,0.0742"
a_SM_FilingCabinet01a,olive gray metal file cabinet,cabinet,"0.4423,0.4610,1.4013"
a_SM_FilingCabinet01e,gray metal file cabinet,cabinet,"0.4056,0.4384,1.0605"
a_SM_FilingCabinet01f,brown wooden open shelf,shelf,"0.4056,0.4158,1.0605"
a_SM_Flame_Thrower_01a,olive green military flamethrower,flamethrower,"1.3062,0.8049,0.8876"
a_SM_Floor_Lamp,dark gray floor lamp,lamp,"0.3152,1.1152,1.6875"
a_SM_FloorLamp_01a,brown metal floor lamp,lamp,"0.4303,0.9310,1.8574"
a_SM_FoldingTable_01a,black angular office desk,desk,"1.8780,0.8079,0.6739"
a_SM_Food_Box_01,brown cardboard takeaway container,container,"0.3724,0.6968,0.1032"
a_SM_Food_Box_02,gray concrete display stand,stand,"0.2948,0.3507,0.3590"
a_SM_Food_Box_03,flat brown cardboard container,box,"0.3725,0.3590,0.0626"
a_SM_Frame_01,black framed artwork,artwork,"0.7521,0.0642,0.9963"
a_SM_Frame_02_A,gray framed black white photograph,frame,"0.3998,0.0140,0.9371"
a_SM_Frame_02_B.003,white frame photograph,photo,"0.4318,0.0140,0.9371"
a_SM_Frame_02_B.004,black white framed photograph,photo,"0.4318,0.0140,0.9371"
a_SM_Frame_03,dark wooden photo frame,frame,"0.1930,0.1290,0.2645"
a_SM_Frame04,dark wooden framed photograph,frame,"0.7014,0.0352,0.5366"
a_SM_Globe,sepia map globe,globe,"0.2652,0.2794,0.4122"
a_SM_green_house_plant_01,green square plant pot,pot,"0.2079,0.1878,0.2544"
a_SM_green_house_plant_02,gray square pot,vase,"0.2079,0.1878,0.2544"
a_SM_green_house_plant_03,green leafy square pot,pot,"0.1872,0.1430,0.2507"
a_SM_green_house_plant_04,gray square pot,vase,"0.1872,0.1430,0.2507"
a_SM_green_house_plant_05,gray pot cannabis plant,plant,"0.1891,0.2077,0.2567"
a_SM_green_house_plant_06,gray square potted plant,plant,"0.1891,0.2077,0.2567"
a_SM_green_house_pot_empty_01,gray plastic flower pot,pot,"0.0948,0.0958,0.0898"
a_SM_green_house_pot_empty_02,gray square planter pot,pot,"0.0948,0.0958,0.0898"
a_SM_green_house_shelf_compiled,rusty metal storage rack,rack,"1.7592,0.6493,1.5642"
a_SM_green_house_shovel_big,gray metal spade,spade,"0.1245,0.0440,0.7159"
a_SM_green_house_shovel_small_01,narrow metal trowel,trowel,"0.0551,0.0164,0.3094"
a_SM_green_house_shovel_small_02,iron wooden rake,rake,"0.0552,0.0402,0.3094"
a_SM_green_house_tray_big,dark gray plastic pallet,pallet,"1.5500,0.5600,0.0604"
a_SM_green_house_tray_small,gray plastic tray,tray,"0.5300,0.3582,0.0682"
a_SM_Ground_Props_Trash_01u,dark brown wooden crate,crate,"0.4197,0.3750,0.1573"
a_SM_Ground_Props_Trash_01v,olive green metal jerry can,can,"0.3387,0.1680,0.4511"
a_SM_Ground_Props_Trash_01w,weathered brown wooden plank,plank,"2.9816,0.9257,0.0365"
a_SM_guitar,brown classical guitar,guitar,"0.3827,0.0934,1.0572"
a_SM_handgun_01_compiled,gray black sci fi handgun,gun,"0.2831,0.1642,0.0698"
a_SM_handgun_01_handle,gray metal pistol grip,tool,"0.2682,0.1237,0.0341"
a_SM_handgun_01_magazine,gray metal magazine,stand,"0.0691,0.1358,0.0259"
a_SM_handgun_01_main,gray textured pistol,gun,"0.2831,0.1645,0.0403"
a_SM_handgun_01_slide,gray metal firearm slide,slide,"0.2277,0.0508,0.0395"
a_SM_handgun_02_mag,dark gray pistol magazine,magazine,"0.0542,0.1053,0.0195"
a_SM_handgun_02_main,dark gray semi automatic pistol,pistol,"0.2172,0.1418,0.0320"
a_SM_handwash_sink_main,gray concrete washbasin,sink,"0.5438,0.4104,0.4077"
a_SM_handwash_sink_mirror,gray marble mirror,mirror,"0.5009,0.0171,0.7372"
a_SM_Hose01,black ribbed hose,hose,"0.9506,0.7935,0.3789"
a_SM_Indoor_Props_01a,dark brown leather book,book,"0.2258,0.3234,0.0803"
a_SM_Indoor_Props_01b,dark plastic book,bookcase,"0.1624,0.2665,0.0353"
a_SM_Indoor_Props_01c,dark wooden storage box,box,"0.3723,0.3693,0.5306"
a_SM_Indoor_Props_01d,dark brown frosted glass bottle,bottle,"0.1252,0.1252,0.4819"
a_SM_Indoor_Props_01f,dark wooden bench,bench,"1.3568,0.9230,1.0910"
a_SM_Juice,frosted glass orange straw,vase,"0.1643,0.0733,0.1902"
a_SM_KC_PlasticCup_01a,gray ribbed cup,cup,"0.0808,0.0808,0.1054"
a_SM_kitchen_Board,wooden rectangular cutting board,board,"0.4694,0.2986,0.0217"
a_SM_kitchen_Bowl_03,white ceramic bowl,bowl,"0.0938,0.0933,0.0304"
a_SM_kitchen_Canisters01_C,sage green ceramic canister,canister,"0.0529,0.0529,0.0805"
a_SM_kitchen_Canisters01_D,gray concrete seasoning jar,jar,"0.0528,0.0529,0.0805"
a_SM_Kitchen_Chair_02,white curved bar stool,stool,"0.4677,0.5025,0.8846"
a_SM_Kitchen_Decor_10,gray cylindrical bottle,bottle,"0.0520,0.0520,0.1451"
a_SM_Kitchen_Decor_11_Black,matte black pepper mill,mill,"0.0768,0.0768,0.2113"
a_SM_Kitchen_Decor_11_White,white ceramic seasoning bottle,bottle,"0.0768,0.0768,0.2113"
a_SM_Kitchen_Decor_12,brown textured lunch bag,bag,"0.2173,0.0923,0.2205"
a_SM_Kitchen_Decor_13,natural wooden pepper mill,mill,"0.0459,0.0460,0.2016"
a_SM_Kitchen_Decor_14,walnut grain pepper grinder,grinder,"0.0526,0.0526,0.1698"
a_SM_Kitchen_Decor_19,lush green cylindrical pot,pot,"0.2294,0.1774,0.2241"
a_SM_kitchen_knife_01,black riveted kitchen knife,knife,"0.1115,0.4668,0.0277"
a_SM_kitchen_knife_02,dark handled kitchen knife,knife,"0.0681,0.5748,0.0277"
a_SM_kitchen_Plate,gray round plate,plate,"0.2292,0.2294,0.0206"
a_SM_kitchen_Pot_A,gray black cooking pot,pot,"0.3443,0.2555,0.1502"
a_SM_kitchen_Pot_B,black glossy pot lid,pot,"0.2539,0.2541,0.0557"
a_SM_Kitchen_Refrigerator,dark gray french door refrigerator,refrigerator,"1.1211,0.7776,2.2957"
a_SM_KitchenChair_01a,black upholstered chair,chair,"0.3642,0.4804,0.6645"
a_SM_KitchenFruit_Tomato01,red round tomato,tomato,"0.0707,0.0706,0.0589"
a_SM_KitchenTable_01a,dark wooden coffee table,table,"0.9613,0.9613,0.7345"
a_SM_Laptop,black thin bezel laptop,laptop,"0.5500,0.3244,0.2952"
a_SM_Laptop_02,dark gray laptop computer,laptop,"0.4664,0.3002,0.0317"
a_SM_Light_Ceiling,gray concrete pendant light,lamp,"0.1412,0.1409,0.9687"
a_SM_Light_Chandelier_03,bronze fabric chandelier,chandelier,"1.0393,1.0101,0.7521"
a_SM_lights_fluorescent_hanged,weathered concrete ceiling fixture,fixture,"1.5000,0.3531,0.1843"
a_SM_lights_fluorescent_single_01,gray fluorescent ceiling light,light,"0.8500,0.0712,0.0691"
a_SM_lights_fluorescent_wall,weathered gray fluorescent tube light,lamp,"1.2205,0.2230,0.1376"
a_SM_lights_projector,weathered metal spotlight,lamp,"0.2204,0.1545,0.2893"
a_SM_lights_projector_base,rusty gray metal plate,plate,"0.1489,0.0983,0.0135"
a_SM_lights_projector_head,weathered metal spotlight head,lamp,"0.2204,0.1545,0.2049"
a_SM_lights_small_wall,industrial metal wall lamp,lamp,"0.1330,0.1048,0.1735"
a_SM_liquid_storage_fuel,weathered metal jerry can,can,"0.3815,0.1434,0.5350"
a_SM_liquid_storage_fuel_small_01,red plastic jerry can,can,"0.2814,0.1974,0.2793"
a_SM_liquid_storage_fuel_small_02,red metal oil can,can,"0.4493,0.1974,0.3702"
a_SM_liquid_storage_gas_tank_01,weathered red gas cylinder,cylinder,"0.3145,0.3145,0.6832"
a_SM_liquid_storage_gas_tank_02,weathered red gas cylinder,cylinder,"0.3145,0.3145,0.5184"
a_SM_liquid_storage_pail,blue plastic bucket,bucket,"0.2636,0.2321,0.3000"
a_SM_liquid_storage_petrol_barrel,weathered green oil drum,drum,"0.7353,0.7353,1.0500"
a_SM_liquid_storage_water_barrel,blue plastic industrial drum,drum,"0.6000,0.6000,0.9994"
a_SM_liquid_storage_water_barrel_small,gray blue ribbed jug,jug,"0.3549,0.3549,0.6291"
a_SM_liquid_storage_water_square_01,gray metal i bc tank,tank,"1.3414,1.3698,2.1608"
a_SM_liquid_storage_water_square_02,blue plastic industrial drum,drum,"0.2932,0.2932,0.4748"
a_SM_locker_locker_main,dark gray slatted storage rack,rack,"1.2000,0.4000,1.8000"
a_SM_lockers_01,dark brown wooden nightstand,nightstand,"0.5653,0.4147,0.6600"
a_SM_lockers_02,charcoal brass nightstand,nightstand,"0.6853,0.4486,0.7213"
a_SM_LoungeChair_01a,wooden sled armchair,chair,"0.6269,0.5133,0.8805"
a_SM_machine_gun_ammo_box_closed,olive green metal box,box,"0.2814,0.1202,0.1492"
a_SM_machine_gun_ammo_box_opened,open olive ammo box,box,"0.2814,0.2272,0.1428"
a_SM_machine_gun_barrel,dark metal rifle barrel,rifle,"0.6725,0.1388,0.0458"
a_SM_machine_gun_body,gray metal machine gun body,gun,"0.8734,0.1829,0.2222"
a_SM_machine_gun_main,dark gray machine gun,gun,"1.4850,0.2527,0.1829"
a_SM_machine_gun_tripod,olive green metal tripod,tripod,"0.8912,0.6417,0.2424"
a_SM_Magazine_1,open interior design magazine,magazine,"0.2471,0.2970,0.0543"
a_SM_metal_structures_pillar,gray steel i beam,beam,"4.0000,0.2000,0.3000"
a_SM_metal_structures_pillar_03,gray steel i beam,beam,"4.0000,0.3000,0.2000"
a_SM_MetalShelf_200a,gray metal industrial rack,rack,"2.0116,0.5158,2.0000"
a_SM_MetalShelf_200b,dark metal industrial rack,rack,"1.6835,0.5494,1.9000"
a_SM_Mirror,black frame standing mirror,mirror,"0.6935,0.0885,1.5435"
a_SM_monitor_01,gray cubic vintage monitor,monitor,"0.2800,0.4597,0.3364"
a_SM_monitor_02,gray cube surveillance monitor,monitor,"0.2800,0.4597,0.3364"
a_SM_monitor_03,gray vintage crt monitor,monitor,"0.2800,0.4597,0.3364"
a_SM_neon_sign08,black metallic billboard,sign,"0.4822,0.0882,0.8038"
a_SM_NoticeBoard_01e,white frame cork board,board,"0.8681,0.0214,0.6030"
a_SM_OfficeChair_01a,dark gray fabric office chair,chair,"0.6362,0.6590,1.0169"
a_SM_OfficeChair02a,black padded office chair,chair,"0.8247,0.7843,1.2689"
a_SM_Oil_Drum_01a,weathered gray oil drum,drum,"0.6893,0.6890,0.9331"
a_SM_Opened_Book,dark food art book,book,"0.0518,0.3882,0.2394"
a_SM_Orange,orange round peach,fruit,"0.0823,0.0807,0.0808"
a_SM_Orange_Cutted,orange horizontal half,shelf,"0.0800,0.0794,0.0528"
a_SM_Ottoman,gray fabric ottoman,ottoman,"0.5790,0.5769,0.4000"
a_SM_PaintPanel01,black white portrait photograph,photo,"0.7839,0.0300,1.2032"
a_SM_pallet,weathered brown wooden pallet,pallet,"1.0013,1.2005,0.1597"
a_SM_Pallet01,weathered wooden pallet,pallet,"1.1924,1.0988,0.1439"
a_SM_pan,dark gray frying pan,pan,"0.3158,0.5354,0.0323"
a_SM_PaperBoxes_01a,blue gray cardboard box,box,"0.5014,0.3204,0.2632"
a_SM_PaperBunch_01a,gray textured paper sheet,sheet,"0.2130,0.3056,0.0062"
a_SM_papers_blueprints_01,blue technical blueprint,blueprint,"0.8823,0.6500,0.1315"
a_SM_papers_blueprints_02,blue gray blueprint,blueprint,"0.9267,0.5887,0.0839"
a_SM_papers_blueprints_03,blue red architectural blueprint,blueprint,"0.6297,0.0687,0.9237"
a_SM_papers_map_01,worn fabric map,rug,"1.5334,0.0969,0.9413"
a_SM_papers_map_02,blue beige vintage map,map,"0.9269,0.0504,0.9252"
a_SM_papers_map_03,blue gray map,map,"0.3996,0.2643,0.0201"
a_SM_papers_map_04,blue folded topographic map,map,"0.7009,0.4004,0.0726"
a_SM_papers_pages_01,white paper map,map,"0.3633,0.0274,0.2415"
a_SM_papers_pages_02,gridded blueprint paper,paper,"0.3647,0.0304,0.2589"
a_SM_papers_pages_03,gray architectural blueprint,blueprint,"0.3533,0.0428,0.2458"
a_SM_papers_pages_04,worn paper map,map,"0.2311,0.0471,0.3669"
a_SM_papers_pages_05,text photo newspaper page,newspaper,"0.2307,0.0297,0.3640"
a_SM_papers_pages_06,white paper blueprint,blueprint,"0.2306,0.0149,0.3660"
a_SM_papers_pages_07,white blue technical blueprint,blueprint,"0.2300,0.0663,0.3682"
a_SM_papers_pages_08,wooden clip floor plan,floorplan,"0.3544,0.0417,0.2502"
a_SM_papers_snapshot_01,vintage blurred photograph,photo,"0.1069,0.0134,0.0791"
a_SM_papers_snapshot_02,monochrome silhouette twin towers,tower,"0.0877,0.0208,0.1067"
a_SM_papers_snapshot_03,tilted polaroid photo frame,frame,"0.0877,0.0104,0.1067"
a_SM_papers_snapshot_04,gray white polaroid photograph,photo,"0.0877,0.0102,0.1067"
a_SM_papers_snapshot_05,vintage warm polaroid,camera,"0.0877,0.0208,0.1067"
a_SM_papers_snapshot_06,printed text red question mark paper,paper,"0.0877,0.0104,0.1067"
a_SM_papers_snapshot_07,red handwritten polaroid,photo,"0.0877,0.0045,0.1067"
a_SM_papers_snapshot_08,red marker text image,image,"0.0877,0.0208,0.1067"
a_SM_papers_snapshot_09,vintage tilted photograph,photo,"0.0877,0.0104,0.1067"
a_SM_papers_stickynote_01,teal square sticky note,note,"0.0500,0.0078,0.0500"
a_SM_papers_stickynote_02,teal sticky note,note,"0.0500,0.0097,0.0500"
a_SM_papers_stickynote_03,teal blue sticky note,note,"0.0500,0.0073,0.0500"
a_SM_papers_stickynote_04,pink sticky note,note,"0.0500,0.0078,0.0500"
a_SM_papers_stickynote_05,pink sticky note,note,"0.0500,0.0097,0.0500"
a_SM_papers_stickynote_06,mauve sticky note,note,"0.0500,0.0073,0.0500"
a_SM_papers_stickynote_07,beige sticky note,note,"0.0500,0.0078,0.0500"
a_SM_papers_stickynote_08,beige sticky note,note,"0.0500,0.0097,0.0500"
a_SM_papers_stickynote_09,beige sticky note,note,"0.0500,0.0073,0.0500"
a_SM_papers_stickynote_10,beige sticky note,note,"0.0500,0.0078,0.0500"
a_SM_papers_stickynote_11,yellow sticky note,note,"0.0500,0.0097,0.0500"
a_SM_papers_stickynote_12,yellow sticky note,note,"0.0500,0.0073,0.0500"
a_SM_papers_stickynote_complete,beige curled sticky notes,note,"0.0500,0.0501,0.0315"
a_SM_Pen_01b_02,gray cylindrical marker pen,pen,"0.0247,0.1489,0.0268"
a_SM_Pen_01c,gray red marker pen,pen,"0.0247,0.1489,0.0268"
a_SM_PictureFrame_02b,black white rectangular frame,frame,"0.3122,0.0201,0.3811"
a_SM_PictureFrame_03a,dark gray framed picture,frame,"0.5080,0.0178,0.6096"
a_SM_pillow_002,gray fabric cushion,cushion,"0.3846,0.3106,0.2407"
a_SM_pillow_004,gray fabric body pillow,pillow,"0.8807,0.3087,0.3336"
a_SM_Plant_01a,gray marbled ceramic pot,vase,"0.9597,0.7393,1.3800"
a_SM_Plant_02a,dark brown wooden planter box,planter,"0.9236,0.5760,0.5486"
a_SM_Plant_1,dark green terracotta plant,plant,"0.7065,0.8399,1.1447"
a_SM_Plant_2,tall terracotta cylindrical pot,pot,"0.5319,0.5713,1.1325"
a_SM_plastic_bag_fertilizer,white green yellow bag,bag,"0.3045,0.1779,0.3827"
a_SM_plastic_bag_garbage,dark gray plastic trash bag,bag,"0.3864,0.3060,0.4219"
a_SM_Point_Lamp_1,matte black wall mounted light,lamp,"0.1400,0.0648,0.1509"
a_SM_Point_Lamp_3,black linear wall light,lamp,"0.5294,0.0397,0.0253"
a_SM_Point_Lamp_4,black metal pendant light,lamp,"0.0500,0.0500,1.8142"
a_SM_Pot__2_,gray cylindrical stew pot,pot,"0.2614,0.2198,0.1494"
a_SM_product5,kraft paper skincare jar,jar,"0.0866,0.0866,0.0432"
a_SM_product7,blue textured skincare jar,jar,"0.1083,0.1083,0.0631"
a_SM_Props_Small_01a,dark brown ashtray,ashtray,"0.1867,0.1859,0.0510"
a_SM_Props_Small_01d,beige textured matchbox,matchbox,"0.1370,0.2515,0.0470"
a_SM_Props_Small_01e,weathered metal food can,can,"0.1550,0.1551,0.1221"
a_SM_Props_Small_01f,dark metal bucket,bucket,"0.2393,0.2109,0.2339"
a_SM_Props_Small_01g,marble round pot lid,pot,"0.2109,0.2109,0.0360"
a_SM_Props_Small_01j,olive green hand grenade,grenade,"0.0979,0.0867,0.1725"
a_SM_Rack01,blue metal warehouse shelf,shelf,"1.2375,0.1998,4.8165"
a_SM_Rack02,gray wooden warehouse shelf,shelf,"3.7938,1.1567,0.2053"
a_SM_radiator,weathered cast iron radiator,radiator,"0.8878,0.1996,0.8640"
a_SM_Radio_01a_b,weathered tan telegraph transceiver,transceiver,"0.6014,0.3034,0.2524"
a_SM_radio_scanner_body,dark gray radio scanner,radio,"0.3163,0.3698,0.0904"
a_SM_radio_scanner_compiled,gray digital desktop radio,radio,"0.3726,0.4031,0.1382"
a_SM_radio_scanner_mic,dark gray desktop microphone,microphone,"0.1047,0.1607,0.2495"
a_SM_Railins_01,orange black striped barrier,barrier,"1.6000,0.2000,1.1000"
a_SM_RailinsAngle_01,gray metal street railing,railing,"1.6000,1.6000,1.1000"
a_SM_RailinsBig_01,industrial metal street barrier,barrier,"2.6000,0.2623,1.1130"
a_SM_RailinsMid_01,industrial metal street railing,railing,"2.6000,0.2000,1.1000"
a_SM_RecordPlayer,vintage wooden gramophone,gramophone,"0.5938,0.5377,0.7946"
a_SM_rest_area_cup,gray speckled mug,mug,"0.0923,0.1314,0.0888"
a_SM_rest_area_frog,gray metal dinner fork,fork,"0.2004,0.0316,0.0204"
a_SM_rest_area_frog_folded,weathered gray brown folding fork,fork,"0.1462,0.0316,0.0148"
a_SM_rest_area_gas,olive green portable stove,stove,"0.4500,0.3273,0.1405"
a_SM_rest_area_heater,gray electric heater,heater,"0.4841,0.1837,0.4950"
a_SM_rest_area_kettle,dark gray metal kettle,kettle,"0.1999,0.1700,0.1886"
a_SM_rest_area_kettle_compiled,dark gray textured kettle,kettle,"0.1999,0.1700,0.1886"
a_SM_rest_area_kettle_door,dark gray round kettle lid,kettle,"0.1235,0.1235,0.0273"
a_SM_rest_area_knife,rusty gray folding knife,knife,"0.2151,0.0316,0.0186"
a_SM_rest_area_knife_folded,rusty metal pocket knife,knife,"0.1462,0.0316,0.0130"
a_SM_rest_area_lubricant,white turquoise lubricant tube,tube,"0.0612,0.0429,0.1659"
a_SM_rest_area_pan,dark gray frying pan,pan,"0.4009,0.2794,0.0591"
a_SM_rest_area_pan_compiled,gray round stew pot,pot,"0.2794,0.2794,0.0849"
a_SM_rest_area_pan_door,dark gray round pot lid,pot,"0.2748,0.2748,0.0336"
a_SM_rest_area_pod,dark gray metal pot,pot,"0.3829,0.2677,0.1327"
a_SM_rest_area_pod_compiled,dark gray metal pot,pot,"0.2677,0.2677,0.1588"
a_SM_rest_area_radio,dark gray portable radio,radio,"0.2461,0.0658,0.3232"
a_SM_rest_area_spoon,weathered gray metal spoon,spoon,"0.2029,0.0438,0.0186"
a_SM_rest_area_spoon_folded,rusty brown cleaning brush,brush,"0.1462,0.0438,0.0130"
a_SM_rest_area_tissue,white floral tissue box,box,"0.2000,0.1000,0.1249"
a_SM_rest_area_water_cooler,blue gray wheeled cooler,cooler,"0.7379,0.3502,0.4030"
a_SM_RestRoom_Shampoo,frosted gradient pump bottle,bottle,"0.0491,0.0491,0.2135"
a_SM_RestRoom_Spray,gray plastic spray bottle,bottle,"0.0381,0.0381,0.1036"
a_SM_Rug_01,dark brown textured runner carpet,rug,"2.0157,1.3140,0.0255"
a_SM_shelfs,dark brown wooden shelf,shelf,"1.8819,0.7674,2.9856"
a_SM_shelving_unit,gray metal storage rack,rack,"1.6835,0.5494,1.9000"
a_SM_shotgun_empty,brown wooden shotgun,chair,"1.0899,0.2107,0.0472"
a_SM_shotgun_full,dark metal shotgun,gun,"1.0899,0.2107,0.0646"
a_SM_Shovel_Mug_Can_01a,weathered metal shovel,shovel,"0.2215,0.0614,1.0411"
a_SM_Shovel_Mug_Can_01b,gray ceramic mug,mug,"0.1124,0.1678,0.1442"
a_SM_Shovel_Mug_Can_01c,beige textured hip flask,flask,"0.1043,0.0351,0.1543"
a_SM_Side_Table_01,dark brown wooden nightstand,nightstand,"0.6349,0.6348,0.8482"
a_SM_sink,gray stone vanity cabinet,cabinet,"0.6556,0.4906,0.9318"
a_SM_sinkframe,dark wooden wall cabinet,cabinet,"1.5264,0.6134,0.9177"
a_SM_SmartTV_B,black matte smart speaker,speaker,"0.1007,0.1007,0.0365"
a_SM_Socket_02,gray round dual button switch,switch,"0.1566,0.0150,0.0856"
a_SM_Socket_1,dark gray wall outlet,outlet,"0.0900,0.0301,0.0858"
a_SM_Socket_2,dark gray wall outlet,outlet,"0.1615,0.0327,0.0858"
a_SM_Socket_3,dark gray wall outlet,outlet,"0.2331,0.0369,0.0858"
a_SM_sofa,worn gray three seater sofa,sofa,"2.5551,1.0493,1.1428"
a_SM_Sofa_01a,dark brown three seater sofa,sofa,"2.3561,0.9177,1.0523"
a_SM_Sofa_01b,dark brown leather armchair,chair,"1.0195,0.9730,1.0347"
a_SM_Sofa_02a,taupe linen armchair,chair,"1.0212,0.8354,0.7944"
a_SM_Sofa_07,dark gray chesterfield sofa,sofa,"3.0157,1.2477,0.9546"
a_SM_SofaTable_01,dark walnut coffee table,table,"0.4600,0.4362,0.4535"
a_SM_SofaTable_02,dark wood stool,stool,"0.5872,0.4427,0.4544"
a_SM_Speaker_01,walnut wood floor standing speaker,speaker,"0.2886,0.3610,1.1280"
a_SM_Speaker_02,dark fabric wooden speaker,speaker,"0.6921,0.2763,0.2521"
a_SM_Speaker_03,dark walnut bookshelf,bookcase,"0.2540,0.2920,0.4044"
a_SM_Split_AirConditioner,gray sleek air conditioner,air,"0.8087,0.2096,0.2830"
a_SM_stand_drill,vintage green industrial drill press,press,"0.9793,0.4858,1.9387"
a_SM_StandLight_01,vintage bronze floor lamp,lamp,"0.5492,0.4099,1.9355"
a_SM_StandLight_02,bronze frosted floor lamp,lamp,"0.3300,0.3300,1.1367"
a_SM_structures_debris_01,gray concrete paving stone,paving,"0.1264,0.1164,0.0256"
a_SM_structures_debris_02,gray rough stone fragment,rock,"0.0940,0.0976,0.0255"
a_SM_table,dark green metal desk,desk,"2.3542,1.0035,1.0773"
a_SM_Table__2_,dark marble coffee table,table,"1.1997,1.1997,0.7400"
a_SM_Table_01,round wooden dining table,table,"1.1997,1.1997,0.7400"
a_SM_Table_Props_01a,weathered brown parchment map,map,"0.6865,0.3969,0.0316"
a_SM_Table_Props_01b,antique bronze compass,compass,"0.1000,0.1439,0.0237"
a_SM_Table_Wooden_Painted_01a,weathered wooden bench,bench,"2.2573,1.0654,0.7810"
a_SM_TableLamp,cream marble table lamp,lamp,"0.3160,0.3160,0.4734"
a_SM_TableLamp_01a,gray natural table lamp,lamp,"0.3329,0.3329,0.6456"
a_SM_Tablet,slim black tablet computer,tablet,"0.4630,0.2931,0.0142"
a_SM_Tarp01,dark teal waterproof tarp,tarp,"2.7590,3.1589,0.3297"
a_SM_Tarp02,dark gray blue waterproof tarp,tarp,"2.9932,2.7962,0.1998"
a_SM_Telephone_01a_b,weathered green telephone,telephone,"0.5343,0.4533,0.2687"
a_SM_toilet,gray ceramic toilet,toilet,"0.5431,0.6968,0.7811"
a_SM_toilet_cleaner,dark brown cylindrical toilet brush,brush,"0.1797,0.1797,0.5760"
a_SM_TrafficBarrel01,orange white striped traffic barrel,barrel,"0.8107,0.8107,0.9381"
a_SM_Trash_Separated_g1,black plastic trash bag,bag,"0.5514,0.4020,0.6191"
a_SM_Trash_Separated_g2,black plastic trash bag,bag,"0.5509,0.4265,0.6209"
a_SM_Trash_Separated_g3,black plastic trash bag,bag,"0.5494,0.4778,0.5183"
a_SM_Trash_Separated_trash_12,green glass wine bottle,bottle,"0.0814,0.0814,0.2637"
a_SM_Trash_Separated_trash_20,dark matte cardboard box,box,"0.5258,0.4370,0.4301"
a_SM_Trash_Separated_trash_22,brown cardboard box,box,"0.5344,0.4706,0.1817"
a_SM_Trash_Separated_trash_27,black fabric cloth,fabric,"0.3604,0.4577,0.0453"
a_SM_Trunk_Leather_01a,brown leather suitcase,suitcase,"0.9115,0.5398,0.3243"
a_SM_Tumblr_1,dark gray wall switch,switch,"0.0900,0.0116,0.0858"
a_SM_Tumblr_2,dark gray wall switch,switch,"0.1616,0.0116,0.0858"
a_SM_TV,large curved lcd tv,tv,"1.3621,0.3098,0.8818"
a_SM_TV_02,slim dark gray tv,tv,"1.8000,0.0500,0.9500"
a_SM_TV_OnWall,black slim flat screen tv,tv,"1.3621,0.1197,0.7884"
a_SM_TVFlat_01b,dark gray wall mounted tv,tv,"0.9200,0.0889,0.5100"
a_SM_TVstand,dark charcoal tv cabinet,cabinet,"1.0860,0.5103,0.6754"
a_SM_TVTable_01,mid century modern walnut tv cabinet,cabinet,"2.4263,0.5681,0.7068"
a_SM_TVTable_02,gray brown mid century tv cabinet,cabinet,"2.4444,0.5642,0.6636"
a_SM_TVTable_03,gray wooden tv cabinet,cabinet,"3.0863,0.6796,0.6065"
a_SM_TVTable_04,dark slatted tv cabinet,cabinet,"1.8331,0.5044,0.7378"
a_SM_TVTable_06,dark wood tv stand,stand,"1.6876,0.4269,0.5789"
a_SM_TVTable_07,dark walnut tv cabinet,cabinet,"1.8000,0.3606,0.5205"
a_SM_Typewriter_01a,dark gray wooden typewriter,typewriter,"0.3910,0.8382,0.2277"
a_SM_Vase_1,beige ceramic vase,vase,"0.1263,0.1265,0.1998"
a_SM_Vase_10,gray cylindrical vase,vase,"0.1476,0.1476,0.5644"
a_SM_Vase_11,gray ceramic vase,vase,"0.1393,0.1381,0.2715"
a_SM_Vase_2,gray twisted sculptural vase,vase,"0.1293,0.1293,0.2300"
a_SM_Vase_3,dark brown teardrop vase,vase,"0.1215,0.1210,0.2514"
a_SM_Vase_4,gray slender vase,vase,"0.1152,0.1154,0.3108"
a_SM_Vase_5,beige brown marbled vase,vase,"0.1313,0.1313,0.3063"
a_SM_Vase_6,slender black vase,vase,"0.1182,0.1182,0.3403"
a_SM_Vase_7,dark gray ceramic vase,vase,"0.1820,0.0477,0.2082"
a_SM_Vase_9,dark gray marble vase,vase,"0.2196,0.2196,0.8692"
a_SM_vehicle_01_axel_part_01,rusted metal steering linkage,linkage,"0.1514,0.1466,0.1045"
a_SM_vehicle_01_axel_part_03,weathered metal rod,rod,"0.4945,0.0337,0.0360"
a_SM_vehicle_01_engine,weathered gray brown engine block,engine,"0.7037,0.4445,0.7013"
a_SM_vehicle_01_front_tire,dark gray rubber tire,tire,"0.7272,0.7272,0.2887"
a_SM_vehicle_01_hood,gray metal car hood,hood,"0.8597,1.4512,0.2810"
a_SM_vehicle_01_main,weathered gray jeep,vehicle,"3.5231,2.0692,1.8561"
a_SM_vehicle_01_Object297,weathered steel wheel rim,wheel,"0.4205,0.2294,0.4205"
a_SM_vehicle_01_tire,dark rubber tire,tire,"0.7272,0.7272,0.2546"
a_SM_vehicle_01_tire_with_rim,black rubber tire,tire,"0.7272,0.7272,0.2546"
a_SM_Vent,gray metal vent grille,grille,"0.7000,0.1039,0.4000"
a_SM_Vent_02,weathered brown ceiling fan,fan,"1.1459,1.1459,0.3861"
a_SM_Wall_Picture_1,brown gray geometric canvas print,print,"1.0450,0.0200,1.5400"
a_SM_Wall_Picture_2,dark blue geometric wall art,art,"0.9500,0.0200,1.4000"
a_SM_Wardrobe,dark brown wooden armoire,armoire,"1.2684,0.6371,2.1226"
a_SM_Wardrobe_01,dark wood wardrobe,wardrobe,"0.9831,0.5462,1.9758"
a_SM_WaterTank01,gray metal i bc tank,tank,"1.2473,1.2840,1.4577"
a_SM_weapon_props_gas_01,red gray gas canister,canister,"0.0623,0.0623,0.2506"
a_SM_weapon_props_gas_02,gray flame canister,canister,"0.0623,0.0623,0.2362"
a_SM_weapon_props_gun_powder_01,dark gray cylindrical canister,canister,"0.0831,0.0831,0.1343"
a_SM_weapon_props_gun_powder_02,gray red blue aerosol can,can,"0.0650,0.0650,0.1627"
a_SM_weapon_props_gun_powder_03,vintage red metal canister,canister,"0.1462,0.0663,0.1996"
a_SM_weapon_props_handgun_bullet_01,gray cardboard ammunition box,box,"0.1669,0.0582,0.0375"
a_SM_weapon_props_handgun_bullet_02,gray red cardboard ammunition box,box,"0.1266,0.0582,0.0375"
a_SM_weapon_props_handgun_bullet_03,gray brass tray,tray,"0.1218,0.0528,0.0315"
a_SM_weapon_props_handgun_bullet_04,gray brass ammunition tray,tray,"0.1218,0.0528,0.0315"
a_SM_weapon_props_lighter_fluid,black metal canister,canister,"0.0749,0.0409,0.1892"
a_SM_weapon_props_shotgun_shell_01,vintage red bird shotgun shell box,box,"0.1000,0.0764,0.1586"
a_SM_weapon_props_shotgun_shell_02,gray cardboard shotgun shell box,box,"0.1000,0.0699,0.0953"
a_SM_weapon_props_shotgun_shell_03,gray plastic box,box,"0.2290,0.1156,0.0673"
a_SM_weapon_props_shotgun_shell_04,gray plastic ammunition box,box,"0.2290,0.1156,0.0673"
a_SM_welding_machine_cable_01,black coiled welding clamp,clamp,"0.4767,0.2823,0.0390"
a_SM_welding_machine_cable_02,dark gray welding cable,cable,"0.5475,0.4217,0.0350"
a_SM_welding_machine_clamp,gray weathered metal clamp,clamp,"0.2018,0.0765,0.0379"
a_SM_welding_machine_compiled,red portable welding machine,machine,"0.8409,0.7951,0.3917"
a_SM_welding_machine_holder,red gray welding holder,holder,"0.2146,0.0643,0.0260"
a_SM_welding_machine_machine,red portable welding machine,machine,"0.4599,0.2133,0.3903"
a_SM_WhiteBoard_01a,gray rectangular display board,board,"2.0636,0.0718,1.3168"
a_SM_windows_shutter_03,gray slat window blind,blind,"3.1670,0.0994,1.9052"
a_SM_xStoresign_04,olive green billboard,billboard,"0.4422,0.0000,0.2481"
a_SolarBattery2,gray solar panel array,panel,"2.8498,1.3444,2.9177"
a_Speaker,gray horn speaker,speaker,"0.4611,0.4792,0.2775"
a_Suitcase1,worn brown leather suitcase,suitcase,"0.7534,0.5630,0.2345"
a_Suitcase2,dark gray hardshell suitcase,suitcase,"0.7451,0.5212,0.2226"
a_Suitcase3,dark brown vintage briefcase,briefcase,"0.7575,0.5262,0.1411"
a_Suitcase4,gray ribbed suitcase,suitcase,"0.7560,0.5158,0.1888"
a_Switchboard1,gray metal cabinet,cabinet,"2.0925,0.4507,2.3681"
a_Switchboard2,gray metal cabinet,cabinet,"0.4388,0.4261,0.9900"
a_Switchboard3,gray metal cabinet,cabinet,"0.3823,0.2045,0.7474"
a_Switchboard4,gray weathered metal box,box,"0.3823,0.4335,0.4474"
a_Tool01,gray metal wrench,tool,"0.2858,0.0591,0.0116"
a_Tool02,blue ergonomic screwdriver,tool,"0.3162,0.0364,0.0364"
a_Tool03,blue rubber claw hammer,hammer,"0.3571,0.1306,0.0427"
a_Tool04,blue textured pliers,pliers,"0.2435,0.0765,0.0263"
a_ToolBox,weathered red metal toolbox,toolbox,"0.7284,0.2554,0.3437"
a_TrafficCone,red gray striped traffic cone,cone,"0.2801,0.2801,0.4982"
a_Trash01,white plastic bag,bag,"0.1858,0.1956,0.0190"
a_Trash02,weathered metal can,can,"0.1828,0.1068,0.0257"
a_Trash03,white plastic bag,bag,"0.1992,0.2153,0.0194"
a_Trash04,gray torn paper debris,trash,"0.1789,0.1787,0.0080"
a_Trash05,weathered metal sheet,shelf,"0.1312,0.1429,0.0164"
a_Trash06,mottled gray fabric debris,trash,"0.0917,0.0968,0.0099"
a_Trash07,dark gray debris fragment,debris,"0.1057,0.1239,0.0224"
a_Trash08,purple white packaging debris,trash,"0.1418,0.1383,0.0194"
a_Trash09,white plastic wrapper,wrapper,"0.1093,0.1183,0.0167"
a_Trash10,gray white paper pieces,paper,"0.1970,0.1938,0.0237"
a_TrashBottle1,crushed soda bottle,bottle,"0.2029,0.0838,0.0645"
a_TrashBottle2,crushed brown plastic bottle,bottle,"0.2316,0.2003,0.0650"
a_TrashBottle4,yellow glass bottle,bottle,"0.2513,0.0702,0.0662"
a_TrashBottle5,dark green plastic bottle,bottle,"0.0852,0.0739,0.0707"
a_TrashBottle6,dark green plastic bottle,bottle,"0.2295,0.0794,0.0851"
a_TrashBottle7,dark gray plastic bottle,bottle,"0.2051,0.1873,0.0810"
a_TrashBottle8,dark plastic bottle,bottle,"0.2091,0.1945,0.0446"
a_TrashCan1,dark gray wheeled trash bin,bin,"0.7023,0.7486,1.1103"
a_TrashCan1__2_,blue green gradient soda can,can,"0.1024,0.1006,0.0593"
a_TrashCan1Cap,black plastic trash can,trashcan,"0.6432,0.7007,0.1256"
a_TrashCan2,gray metal trash can,can,"0.4711,0.4579,0.6514"
a_TrashCan2__2_,crushed orange snack package,package,"0.1703,0.0950,0.0704"
a_TrashCan2Cap,gray circular trash can,trashcan,"0.4720,0.4720,0.0653"
a_TrashCan3,gray cylindrical trash can,trashcan,"0.2578,0.2578,0.5022"
a_TrashCan3__2_,crushed blue silver can,can,"0.1750,0.0825,0.0690"
a_TrashCan4,crushed red metal can,can,"0.1127,0.0980,0.0356"
a_TrashCandy1,crumpled printed candy wrapper,trash,"0.1382,0.1552,0.0112"
a_TrashCandy2,brown torn wrapper,wrapper,"0.1273,0.1106,0.0303"
a_TrashCandy3,silver red candy wrapper,wrapper,"0.1253,0.1355,0.0092"
a_TrashCandy4,yellow printed candy wrapper,wrapper,"0.1277,0.0854,0.0092"
a_TrashChips1,gray crumpled snack package,package,"0.1515,0.1662,0.0112"
a_TrashChips2,brown red chip bag,bag,"0.1848,0.1819,0.0105"
a_TrashChips3,green crumpled chip bag,bag,"0.1853,0.1784,0.0103"
a_TrashChips4,blue gray chip bag,bag,"0.1501,0.1975,0.0151"
a_TrashChoco1,dark brown candy wrapper,wrapper,"0.0911,0.1342,0.0126"
a_TrashChoco2,crumpled foil wrapper,trash,"0.0867,0.1098,0.0253"
a_TrashChoco3,brown camouflage wrapper,wrapper,"0.0976,0.1257,0.0041"
a_TrashChoco4,orange brown chocolate wrapper,wrapper,"0.1787,0.0907,0.0074"
a_TrashChoco5,orange yellow chocolate wrapper,wrapper,"0.0681,0.0693,0.0121"
a_TrashChoco6,crumpled metallic wrapper,trash,"0.1528,0.0630,0.0122"
a_TrashChoco7,blue red flattened wrapper,wrapper,"0.1323,0.0967,0.0057"
a_TrashChoco8,crushed blue foil wrapper,wrapper,"0.0744,0.0833,0.0128"
a_VendingMachine1,dark gray illuminated vending machine,machine,"1.2435,0.7889,2.1222"
a_VendingMachine2,dark gray vending machine,machine,"1.2435,0.7889,2.1222"
a_VendingMachine3,dark gray vending machine,machine,"1.0395,0.8902,2.3257"
b_103,wood grain angular table,table,"1.3373,0.6383,0.4496"
b_104,dark gray woven lounge chair,chair,"1.0772,0.8916,0.8041"
b_105,woven rattan pendant lamp,lamp,"0.2993,0.2985,0.7175"
b_107,dark wood dining table,table,"1.8268,1.0780,0.7554"
b_108,taupe leather three seater sofa,sofa,"2.8430,0.9523,0.7912"
b_109,smoked glass three light,lamp,"0.6344,0.5947,0.8753"
b_11,gray woven lounge chair,chair,"0.7127,0.9428,0.8135"
b_110,black round side table,table,"0.4396,0.4394,0.4632"
b_111,brown leather seat,seat,"0.6616,0.6043,0.7962"
b_112,metallic wireframe pendant lamp,lamp,"0.5365,0.5337,1.0183"
b_113,gray suede nightstand,nightstand,"0.4383,0.3506,0.4398"
b_114,light gray upholstered dining chair,chair,"0.4102,0.3885,0.6115"
b_115,mauve quilted chair,chair,"0.9199,0.8360,0.9327"
b_116,rustic metal chandelier,chandelier,"0.5086,0.5096,0.6918"
b_13,round wooden coffee table,table,"0.7719,0.7719,0.3942"
b_14,gray low profile cabinet,cabinet,"2.2552,0.5190,0.4691"
b_15,beige floral armchair,chair,"0.9765,0.9459,0.9709"
b_18,light wood tv cabinet,cabinet,"1.8005,0.4007,0.5009"
b_19,sage green tufted sofa,sofa,"2.7956,1.2195,0.8377"
b_2,black white checkered armchair,chair,"0.7650,0.8414,0.9571"
b_20,beige tufted double bed,bed,"2.0377,2.1996,1.1146"
b_21,black curved side table,table,"0.5120,0.4955,0.5396"
b_22,black upholstered dining chair,chair,"0.7003,0.5347,0.8006"
b_23,black tufted leather armchair,chair,"0.7810,0.8381,1.1126"
b_24,gray metallic side table,table,"0.3877,0.3217,0.3897"
b_25,white slatted pendant lamp,lamp,"0.4467,0.4407,0.8755"
b_27,charcoal gray modern sofa,sofa,"3.2107,1.0185,0.7836"
b_28,blue gray bunk bed,bed,"2.7021,2.5835,2.2330"
b_29,dark walnut table,table,"2.2337,1.0343,0.9582"
b_3,brown leather lounge chair,chair,"1.1600,1.0743,1.2760"
b_30,gray wooden double bed,bed,"1.9403,2.4804,1.0718"
b_31,blue upholstered double bed,bed,"2.0811,2.3325,1.0781"
b_32,gray baroque bedside table,table,"0.5712,0.4196,0.5997"
b_33,light wood modular storage unit,shelf,"1.2000,0.4034,1.9103"
b_34,dark gray velvet sofa,sofa,"2.3241,0.9264,0.9107"
b_35,black marble side table,table,"0.4927,0.4251,0.4971"
b_36,black leather swivel chair,chair,"0.8150,0.8066,0.7809"
b_37,black molded chair,chair,"0.4998,0.4950,0.7791"
b_38,gray ceramic pedestal table,table,"0.4978,0.4978,0.5767"
b_39,taupe fabric sofa,sofa,"2.0753,0.8457,0.8442"
b_4,dark gray wood coffee table,table,"1.1975,0.7758,0.4100"
b_40,gray cushioned footstool,stool,"0.6705,0.3924,0.2823"
b_41,gray upholstered bed,bed,"1.6965,2.1045,1.0033"
b_42,bronze candle chandelier,chandelier,"0.8644,0.8642,1.0505"
b_43,black metal cage pendant light,lamp,"0.1612,0.1612,0.7756"
b_44,beige fabric storage ottoman,ottoman,"0.8803,0.6615,0.4323"
b_45,black vertical chandelier,chandelier,"0.5878,0.5858,1.0825"
b_47,dark wood table,table,"1.8001,0.9000,0.7201"
b_48,brown wood coffee table,table,"1.3559,0.9496,0.3659"
b_49,dark gray tufted armchair,chair,"0.8246,0.9231,0.7892"
b_5,gray wooden chest,chest,"0.6515,0.3917,0.7996"
b_50,gray upholstered armchair,chair,"0.7086,0.8040,0.7462"
b_52,gray carved cabinet,cabinet,"1.2268,0.6609,1.8646"
b_53,gray taupe upholstered chair,chair,"0.5729,0.5740,0.8461"
b_54,dark square chandelier,chandelier,"0.5000,0.5000,0.6590"
b_55,black modern desk,desk,"1.2907,0.6185,1.0190"
b_57,dark wood multi drawer dresser,dresser,"1.6117,0.3580,0.8174"
b_58,brown leather daybed,bed,"2.2593,0.8095,0.6820"
b_60,gray wooden single bed,bed,"1.5196,2.4914,0.9539"
b_61,dark brown upholstered chair,chair,"0.4971,0.4653,0.7378"
b_63,dark metal chandelier,chandelier,"0.5988,0.5760,0.7739"
b_64,metal cable pendant light,lamp,"0.9019,0.9157,1.1703"
b_65,gray wooden windsor chair,chair,"0.5214,0.5624,0.9105"
b_66,dark teal fabric sofa,sofa,"1.8719,0.9934,0.8352"
b_67,white wood wardrobe,wardrobe,"1.9980,0.6414,2.1002"
b_68,teal quilted swivel chair,chair,"0.8271,0.8078,1.0394"
b_69,gray textured fabric sofa,sofa,"1.5284,0.6354,0.6620"
b_7,gray upholstered double bed,bed,"1.8829,2.1622,1.2813"
b_72,dark gray metal plant stand,stand,"0.1800,0.1850,0.6411"
b_73,taupe striped dining chair,chair,"0.5051,0.6219,0.8834"
b_74,black leather sofa,sofa,"2.9718,1.0945,0.8287"
b_76,warm wooden petal lamp,lamp,"0.3902,0.3922,0.8703"
b_77,beige tufted ottoman,ottoman,"0.8924,0.4995,0.3344"
b_78,gray open shelf bedside table,shelf,"0.4612,0.4240,0.4951"
b_79,gray tan wooden three seater sofa,sofa,"2.5501,0.9394,0.8408"
b_8,dark wood carved chair,chair,"0.4904,0.5810,0.9846"
b_80,light gray upholstered sofa,sofa,"2.1095,0.9608,0.7970"
b_81,white ornate plant stand,stand,"0.4905,0.4896,1.0493"
b_82,gray spherical chandelier,chandelier,"0.5424,0.4833,1.0000"
b_83,gray fabric three seater sofa,sofa,"2.5265,0.9417,0.8473"
b_84,white marble coffee table,table,"1.5989,0.9061,0.7129"
b_85,dark wooden coffee table,table,"1.2791,0.7297,0.4500"
b_86,ornate bronze chandelier,chandelier,"0.9447,0.9447,1.0837"
b_87,white metal vanity table,table,"1.2000,0.5201,1.1891"
b_88,gray metal spherical lamp,lamp,"0.2897,0.2931,0.5898"
b_89,gray blue feather chandelier,chandelier,"0.8321,0.8326,0.9205"
b_9,blue tufted single bed,bed,"1.8212,2.5612,1.5573"
b_90,dark wood storage cabinet,cabinet,"1.2702,0.5560,1.2462"
b_92,dark brown wooden stool,stool,"0.4722,0.4731,0.5313"
b_93,light wood nightstand,nightstand,"0.4000,0.3221,0.5500"
b_95,teal gray pedestal table,table,"0.5211,0.5211,0.6134"
b_97,metallic chain chandelier,chandelier,"0.8275,0.8275,1.0194"
b_98,dark gray upholstered chair,chair,"0.6192,0.6810,0.7008"
b_99,gray louvered storage cabinet,cabinet,"0.8339,0.5500,2.0533"
c_SM_Chair_2,gray upholstered armchair,chair,"1.0297,0.9609,0.8468"
c_SM_Chair_Sec001,gray wooden armchair,chair,"0.7106,0.6839,1.0450"
c_SM_Desk_Fir001,light gray vanity table,table,"1.1683,0.5208,0.9956"
c_SM_Dresser,gray woodgrain dresser,dresser,"1.1800,0.4950,0.7000"
c_SM_Table_4,black metal side table,table,"0.5591,0.5591,0.6160"
c_SM_Table_5,dark wooden coffee table,table,"1.0087,1.0087,0.7371"
d_1000001526244,dark walnut dining table,table,"1.6000,0.9000,0.7500"
d_1000001532905,dark gold conference table,table,"2.1463,0.9000,0.7313"
d_1000001539088,dark wood conference table,table,"3.3400,1.5000,0.7600"
d_1000001602430,gray ceramic bowl,bowl,"0.0838,0.0838,0.0569"
d_1000001610925,dark brown wooden console table,table,"1.1683,0.5202,0.7640"
d_1000001621126,smoked glass coffee table,table,"0.6327,0.6327,0.5799"
d_1000001663252,olive brown woven sectional,sofa,"2.8502,1.6955,0.8856"
d_1000002515821,brown wooden coffee table,table,"1.0195,1.0195,0.7459"
d_1000002546264,dark cast iron pan,pan,"0.2988,0.4981,0.0476"
d_1000003309212,gray open shelving wardrobe,wardrobe,"2.3876,0.5780,2.3363"
d_1000003355715,warm wood coffee table,table,"1.0498,1.0497,0.3496"
d_1000003356027,dark wooden tv cabinet,cabinet,"2.1868,0.4587,0.5012"
d_1000003404997,gray metal double bed,bed,"1.9376,2.1340,0.8877"
d_1000003406804,slate blue two drawer nightstand,nightstand,"0.5424,0.4732,0.4870"
d_1000003407363,dark gray wardrobe,wardrobe,"0.9898,0.5651,1.9461"
d_1000003453475,gray wooden nightstand,nightstand,"0.6035,0.5088,0.7161"
d_1000003453641,dark walnut splayed nightstand,nightstand,"0.5000,0.4196,0.6556"
d_1000003455073,dark gray sliding wardrobe,wardrobe,"2.5321,0.6176,2.3846"
d_1000003455458,gray metal coffee table,table,"1.0028,1.0028,0.3377"
d_1000003505663,light oak platform bed,bed,"1.5814,2.0229,0.9153"
d_1000003552797,gray modular storage cabinet,cabinet,"1.7009,0.5490,2.0275"
d_1000003614203,dark walnut herringbone cabinet,cabinet,"1.8400,0.4000,0.6526"
d_1000003614815,weathered brown storage cabinet,cabinet,"0.4965,0.4124,1.2331"
d_1000003616343,gray green dresser,dresser,"0.8198,0.3169,1.2585"
d_1000003655840,dark gray metal sectional,sofa,"2.9932,1.4705,0.8595"
d_1000003665852,dark gray six drawer dresser,dresser,"0.6457,0.5092,1.2152"
d_1000003693568,dark brown ceramic teapot,teapot,"0.1464,0.2355,0.1153"
d_1000003716995,gray wooden nightstand,nightstand,"0.6407,0.4890,0.7191"
d_1000003718301,light gray metal coffee table,table,"0.8135,0.5341,0.2490"
d_1000003758629,beige square pillow,pillow,"0.4055,0.1729,0.4056"
d_1000003759813,teal diamond lumbar pillow,pillow,"0.6326,0.2105,0.3378"
d_1000003829088,gray silver wardrobe,wardrobe,"1.8326,0.5963,2.0400"
d_1000003853986,dark brown wooden park bench,bench,"1.6932,0.6409,0.8500"
d_1000004149357,light gray wooden tv cabinet,cabinet,"1.4946,0.6063,0.6533"
d_1000004158853,gray retro bookshelf,bookcase,"0.5647,0.2818,0.3898"
d_1000004186506,gray curved nightstand,nightstand,"0.5202,0.3786,0.6234"
d_1000004220137,brown wooden ladder back chair,chair,"0.3676,0.4057,0.8375"
d_1000004222768,dark walnut wooden crib,crib,"1.3098,0.7500,1.0200"
d_1000005160790,beige woven bean bag chair,chair,"0.9082,1.0373,0.7409"
d_1000005302487,dark brown wooden chair,chair,"0.4200,0.5079,0.9964"
d_1000005511969,gray metal bar stool,stool,"0.5023,0.5023,0.9946"
d_1000006209046,brown wooden ladder bookshelf,bookcase,"0.6320,0.3835,1.4210"
d_1000007672044,dark walnut wooden nightstand,nightstand,"0.8859,0.6846,0.7608"
d_1000008296920,dark green wine bottle,bottle,"0.0383,0.0364,0.1531"
d_1000008361595,gray metal school locker,locker,"3.3993,0.5145,2.5505"
d_1000008596887,dark walnut l shaped desk,desk,"1.8251,0.8044,0.7306"
d_1000008820018,dark walnut wooden nightstand,nightstand,"0.5484,0.4209,0.5272"
d_1000009404559,ornate golden mirror,mirror,"0.8443,0.7138,1.6717"
d_1000009422406,dark wooden storage cabinet,cabinet,"0.9802,0.4151,0.9049"
d_1000009424262,bronze striped candelabra,candelabra,"0.1774,0.0690,0.3223"
d_1000009425268,dark brown wooden skateboard,skateboard,"0.7894,0.2000,0.1079"
d_1000009425274,gray four drawer dresser,dresser,"1.3568,0.8418,0.8734"
d_1000009425588,blue gray striped beach ball,ball,"0.5775,0.5775,0.5996"
d_1000009425900,white green curved vase,vase,"0.1746,0.2031,0.3149"
d_1000009426965,beige metal file cabinet,cabinet,"0.4400,0.6250,1.2382"
d_1000009527306,dark brown leather briefcase,briefcase,"0.4377,0.1294,0.3763"
d_1000009529277,gray fabric floor lamp,lamp,"0.7000,0.7000,1.8475"
d_1000009529730,gray black lowpoly soccer ball,ball,"0.1531,0.1519,0.1518"
d_1000009532505,gray dark gray pump bottle,bottle,"0.0997,0.1106,0.2236"
d_1000009533030,dark olive bottle,bottle,"0.0628,0.0698,0.2077"
d_1000009536202,black white paneled volleyball,volleyball,"0.2047,0.2049,0.2029"
d_1000009536233,orange black basketball,basketball,"0.2897,0.2900,0.2893"
d_1000009603767,dark metal bistro table,table,"1.2007,1.2007,0.8124"
e_basket_1,brown woven storage basket,basket,"0.3429,0.2644,0.1647"
e_bath_mirror,slim black standing mirror,mirror,"0.7412,0.0278,1.7601"
e_conference_1_27,dark brown highback office chair,chair,"0.6151,0.6151,1.1540"
e_conference_3,dark walnut conference table,table,"4.1474,1.7558,0.7940"
e_conference_7,gray black wall mounted projection screen,screen,"3.1347,0.1865,1.9957"
e_debntal_light_01,white adjustable dental lamp,lamp,"0.6928,0.6489,1.3652"
e_debntal_tool_01,gray raised medical tray,tray,"0.2869,0.2295,0.0155"
e_dental_sickle_probe,gray metal dental probe,tool,"0.0135,0.1641,0.0061"
e_gameroom_10,black red gaming monitor,monitor,"0.6400,0.1943,0.4561"
e_gameroom_13,black circular monitor,monitor,"0.5967,0.1710,0.4977"
e_kitchen_02,teal marble kitchen cabinet,cabinet,"2.3480,0.9606,1.2504"
e_kitchen_03,dark walnut kitchen cabinet,cabinet,"2.1000,0.6025,1.2996"
e_kitchen_08,dark gray wall cabinet,cabinet,"1.2000,0.3160,0.7640"
e_kitchen_09,olive green kitchen cabinet,cabinet,"1.7835,0.6098,1.2965"
e_kitchen_10,dark wood kitchen cabinet,cabinet,"1.6874,0.6810,0.9209"
e_kitchen_11,dark wood kitchen cabinet,cabinet,"2.5829,0.6638,0.9674"
e_kitchen_13,dark brown wooden cabinet,cabinet,"1.1416,0.6006,0.4284"
e_ps5_03_set,white black game controller,controller,"0.1603,0.1707,0.1386"
e_SM_BATHUB_01,gray matte oval bathtub,bathtub,"1.7160,0.8221,0.5831"
e_sm_chair2,gray metal stool,stool,"0.4518,0.4518,0.6581"
e_SM_Kitchen_3,dark wooden kitchen cabinet,cabinet,"1.2019,0.8669,0.9800"
e_sm_table,bronze dark coffee table,table,"0.6733,0.6733,0.5510"
e_SM_Teepee,blue white tree teepee tent,tent,"1.1022,1.1218,1.6005"
e_washbasket_1,brown woven basket,basket,"0.4000,0.4004,0.2096"
e_washbasket_2,gray mesh basket,basket,"0.3934,0.3927,0.1478"
e_workbench_01,wooden black folding table,table,"1.3958,0.6829,0.5122"
e_workbench_02,dark metal workbench,workbench,"1.0863,0.4811,0.6087"
